ts_code,trade_date,open,high,low,close,pre_close,change,pct_chg,vol,amount
000019.SZ,2022-07-21,7.55,7.62,7.5,7.52,7.58,-0.06,-0.7916,54277.11,40987.256
000019.SZ,2022-07-22,7.49,7.58,7.44,7.49,7.52,-0.03,-0.3989,52399.4,39352.293
000019.SZ,2022-07-25,7.45,7.55,7.43,7.52,7.49,0.03,0.4005,46116.74,34590.818
000019.SZ,2022-07-26,7.49,7.71,7.47,7.67,7.52,0.15,1.9947,84549.37,64248.567
000019.SZ,2022-07-27,7.67,7.73,7.6,7.67,7.67,0.0,0.0,56294.67,43026.655
000019.SZ,2022-07-28,7.66,7.74,7.66,7.69,7.67,0.02,0.2608,66950.96,51537.612
000019.SZ,2022-07-29,7.72,7.99,7.65,7.82,7.69,0.13,1.6905,145817.05,113906.739
000019.SZ,2022-08-01,7.7,7.77,7.58,7.67,7.82,-0.15,-1.9182,101572.17,77728.603
000019.SZ,2022-08-02,7.62,8.18,7.52,8.08,7.67,0.41,5.3455,383063.25,303671.852
000019.SZ,2022-08-03,8.0,8.1,7.74,7.94,8.08,-0.14,-1.7327,253810.99,201415.608
000019.SZ,2022-08-04,7.95,7.95,7.71,7.81,7.94,-0.13,-1.6373,156263.28,121942.61
000019.SZ,2022-08-05,7.77,7.89,7.72,7.84,7.81,0.03,0.3841,110661.72,86534.99
000019.SZ,2022-08-08,7.8,7.88,7.74,7.79,7.84,-0.05,-0.6378,89704.64,69816.794
000019.SZ,2022-08-09,7.76,7.77,7.58,7.6,7.79,-0.19,-2.439,127310.91,97152.28
000019.SZ,2022-08-10,7.55,7.6,7.47,7.49,7.6,-0.11,-1.4474,87653.26,65817.272
000019.SZ,2022-08-11,7.54,7.6,7.49,7.6,7.49,0.11,1.4686,82253.9,62130.341
000019.SZ,2022-08-12,7.56,7.63,7.54,7.63,7.6,0.03,0.3947,59690.25,45314.75
000019.SZ,2022-08-15,7.64,7.78,7.64,7.71,7.63,0.08,1.0485,100867.47,77759.961
000019.SZ,2022-08-16,7.69,7.76,7.64,7.76,7.71,0.05,0.6485,89937.14,69318.133
000019.SZ,2022-08-17,7.76,7.91,7.7,7.79,7.76,0.03,0.3866,108661.2,84863.937
000019.SZ,2022-08-18,7.79,7.81,7.66,7.71,7.79,-0.08,-1.027,66025.8,50838.082
000019.SZ,2022-08-19,7.72,7.88,7.7,7.79,7.71,0.08,1.0376,125894.43,98409.519
000019.SZ,2022-08-22,7.77,8.13,7.77,7.98,7.79,0.19,2.439,174027.26,139064.154
000019.SZ,2022-08-23,7.99,8.05,7.86,8.03,7.98,0.05,0.6266,144668.98,115448.552
000019.SZ,2022-08-24,8.01,8.37,7.99,8.1,8.03,0.07,0.8717,356606.27,291515.219
000019.SZ,2022-08-25,8.02,8.21,8.0,8.13,8.1,0.03,0.3704,190624.92,154607.728
000019.SZ,2022-08-26,8.13,8.16,7.96,8.03,8.13,-0.1,-1.23,152867.65,123029.742
000019.SZ,2022-08-29,7.95,8.11,7.91,8.09,8.03,0.06,0.7472,117270.7,94444.458
000019.SZ,2022-08-30,8.08,8.19,7.97,8.04,8.09,-0.05,-0.618,118560.1,95550.101
000019.SZ,2022-08-31,8.03,8.06,7.81,7.86,8.04,-0.18,-2.2388,115757.13,91423.743
000019.SZ,2022-09-01,7.86,8.12,7.85,8.0,7.86,0.14,1.7812,152946.38,122886.532
000019.SZ,2022-09-02,8.02,8.08,7.93,8.06,8.0,0.06,0.75,118306.18,95008.374
000019.SZ,2022-09-05,8.03,8.13,7.89,8.03,8.06,-0.03,-0.3722,107694.65,85896.002
000019.SZ,2022-09-06,8.08,8.14,8.0,8.13,8.03,0.1,1.2453,142948.47,115666.682
000019.SZ,2022-09-07,8.06,8.11,7.94,7.97,8.13,-0.16,-1.968,116999.24,93825.61
000019.SZ,2022-09-08,8.05,8.07,7.67,7.7,7.97,-0.27,-3.3877,162387.25,126960.014
000019.SZ,2022-09-09,7.79,7.85,7.56,7.64,7.7,-0.06,-0.7792,120788.72,92515.57
000019.SZ,2022-09-13,7.78,7.96,7.71,7.84,7.64,0.2,2.6178,172243.26,134933.075
000019.SZ,2022-09-14,7.72,7.81,7.63,7.67,7.84,-0.17,-2.1684,98130.4,75521.66
000019.SZ,2022-09-15,7.67,7.7,7.36,7.46,7.67,-0.21,-2.7379,118814.44,89177.125
000019.SZ,2022-09-16,7.45,7.5,7.21,7.22,7.46,-0.24,-3.2172,78636.22,57750.762
000019.SZ,2022-09-19,7.29,7.29,7.1,7.17,7.22,-0.05,-0.6925,59506.4,42649.918
000019.SZ,2022-09-20,7.2,7.25,7.17,7.22,7.17,0.05,0.6974,46400.37,33455.598
000019.SZ,2022-09-21,7.18,7.32,7.11,7.29,7.22,0.07,0.9695,58594.9,42305.829
000019.SZ,2022-09-22,7.2,7.4,7.18,7.27,7.29,-0.02,-0.2743,69816.83,50925.299
000019.SZ,2022-09-23,7.27,7.39,7.14,7.16,7.27,-0.11,-1.5131,67068.32,48661.572
000019.SZ,2022-09-26,7.04,7.05,6.86,6.86,7.16,-0.3,-4.1899,72500.2,50429.901
000019.SZ,2022-09-27,6.91,7.04,6.86,7.03,6.86,0.17,2.4781,50227.74,34903.943
000019.SZ,2022-09-28,7.02,7.05,6.87,6.89,7.03,-0.14,-1.9915,36335.05,25234.073
000019.SZ,2022-09-29,6.94,7.0,6.77,6.83,6.89,-0.06,-0.8708,46199.55,31787.586
000019.SZ,2022-09-30,6.84,6.92,6.77,6.88,6.83,0.05,0.7321,40228.34,27557.422
000019.SZ,2022-10-10,6.88,6.98,6.8,6.84,6.88,-0.04,-0.5814,36817.02,25350.434
000019.SZ,2022-10-11,6.86,6.91,6.75,6.91,6.84,0.07,1.0234,30756.78,21018.109
000019.SZ,2022-10-12,6.9,7.05,6.83,7.0,6.91,0.09,1.3025,49297.35,34297.716
000019.SZ,2022-10-13,6.96,7.15,6.95,7.07,7.0,0.07,1.0,63955.9,45043.568
000019.SZ,2022-10-14,7.08,7.14,7.07,7.13,7.07,0.06,0.8487,58029.94,41228.165
000019.SZ,2022-10-17,7.12,7.16,7.04,7.14,7.13,0.01,0.1403,65095.73,46344.075
000019.SZ,2022-10-18,7.16,7.17,7.06,7.13,7.14,-0.01,-0.1401,51449.96,36573.176
000019.SZ,2022-10-19,7.1,7.13,7.01,7.01,7.13,-0.12,-1.683,45891.1,32306.915
000019.SZ,2022-10-20,6.98,7.07,6.91,6.98,7.01,-0.03,-0.428,47408.23,33074.568
000019.SZ,2022-10-21,6.98,7.02,6.94,6.95,6.98,-0.03,-0.4298,35257.87,24609.122
000019.SZ,2022-10-24,6.96,7.03,6.78,6.8,6.95,-0.15,-2.1583,54076.26,37253.248
000019.SZ,2022-10-25,6.8,6.83,6.62,6.69,6.8,-0.11,-1.6176,49275.07,32976.056
000019.SZ,2022-10-26,6.69,6.83,6.68,6.77,6.69,0.08,1.1958,51234.58,34633.681
000019.SZ,2022-10-27,6.77,6.85,6.75,6.84,6.77,0.07,1.034,40374.72,27491.419
000019.SZ,2022-10-28,6.84,6.84,6.56,6.62,6.84,-0.22,-3.2164,62667.87,41846.592
000019.SZ,2022-10-31,6.76,7.02,6.71,6.88,6.62,0.26,3.9275,115635.36,79356.064
000019.SZ,2022-11-01,6.81,7.0,6.81,6.99,6.88,0.11,1.5988,81844.73,56750.183
000019.SZ,2022-11-02,7.01,7.12,6.94,7.08,6.99,0.09,1.2876,86049.04,60821.58
000019.SZ,2022-11-03,7.08,7.79,7.01,7.53,7.08,0.45,6.3559,403433.83,305589.676
000019.SZ,2022-11-04,7.24,7.59,7.23,7.46,7.53,-0.07,-0.9296,289220.28,212803.545
000019.SZ,2022-11-07,7.35,7.61,7.33,7.48,7.46,0.02,0.2681,179567.29,133847.668
000019.SZ,2022-11-08,7.45,7.58,7.34,7.51,7.48,0.03,0.4011,163780.27,122355.607
000019.SZ,2022-11-09,7.51,7.97,7.47,7.69,7.51,0.18,2.3968,231794.43,177808.264
000019.SZ,2022-11-10,7.6,7.7,7.53,7.58,7.69,-0.11,-1.4304,153980.39,117128.709
000019.SZ,2022-11-11,7.63,7.69,7.51,7.58,7.58,0.0,0.0,141515.24,107492.455
000019.SZ,2022-11-14,7.55,7.62,7.44,7.49,7.58,-0.09,-1.1873,92062.64,69306.074
000019.SZ,2022-11-15,7.48,7.53,7.45,7.51,7.49,0.02,0.267,78730.85,58971.903
000019.SZ,2022-11-16,7.5,7.58,7.46,7.49,7.51,-0.02,-0.2663,74554.1,56005.356
000019.SZ,2022-11-17,7.46,7.53,7.44,7.5,7.49,0.01,0.1335,52506.28,39295.206
000019.SZ,2022-11-18,7.5,7.52,7.37,7.38,7.5,-0.12,-1.6,60716.85,45069.39
000019.SZ,2022-11-21,7.38,7.44,7.28,7.42,7.38,0.04,0.542,61837.68,45480.36
000019.SZ,2022-11-22,7.42,7.47,7.28,7.32,7.42,-0.1,-1.3477,55235.42,40603.499
000019.SZ,2022-11-23,7.3,7.46,7.28,7.36,7.32,0.04,0.5464,70512.3,51959.361
000019.SZ,2022-11-24,7.34,7.4,7.29,7.3,7.36,-0.06,-0.8152,56602.35,41451.429
000019.SZ,2022-11-25,7.3,7.39,7.28,7.35,7.3,0.05,0.6849,47874.09,35135.088
000019.SZ,2022-11-28,7.27,7.51,7.24,7.51,7.35,0.16,2.1769,94669.68,70195.146
000019.SZ,2022-11-29,7.52,7.55,7.46,7.55,7.51,0.04,0.5326,71390.0,53671.418
000019.SZ,2022-11-30,7.54,7.68,7.51,7.59,7.55,0.04,0.5298,96835.02,73628.083
000019.SZ,2022-12-01,7.59,7.91,7.57,7.85,7.59,0.26,3.4256,211279.85,163576.975
000019.SZ,2022-12-02,7.82,7.95,7.7,7.78,7.85,-0.07,-0.8917,158535.0,123428.778
000019.SZ,2022-12-05,7.8,8.02,7.79,7.92,7.78,0.14,1.7995,169505.31,134138.479
000019.SZ,2022-12-06,7.82,8.65,7.82,8.03,7.92,0.11,1.3889,306607.49,249135.017
000019.SZ,2022-12-07,7.96,8.27,7.89,8.1,8.03,0.07,0.8717,253953.72,204864.313
000019.SZ,2022-12-08,7.94,8.02,7.83,7.83,8.1,-0.27,-3.3333,159761.8,125979.779
000019.SZ,2022-12-09,7.9,7.9,7.69,7.79,7.83,-0.04,-0.5109,86206.42,67018.581
000019.SZ,2022-12-12,7.79,7.84,7.69,7.74,7.79,-0.05,-0.6418,72694.89,56380.184
000019.SZ,2022-12-13,7.73,7.95,7.69,7.9,7.74,0.16,2.0672,118664.52,92951.451
000019.SZ,2022-12-14,7.86,7.95,7.79,7.87,7.9,-0.03,-0.3797,86304.72,67773.191
000019.SZ,2022-12-15,7.9,7.93,7.78,7.81,7.87,-0.06,-0.7624,72651.6,56992.959
000019.SZ,2022-12-16,7.78,7.94,7.73,7.92,7.81,0.11,1.4085,86597.91,67991.281
000019.SZ,2022-12-19,7.93,7.95,7.61,7.65,7.92,-0.27,-3.4091,118432.06,91173.0
000019.SZ,2022-12-20,7.7,7.71,7.47,7.51,7.65,-0.14,-1.8301,65437.1,49440.644
000019.SZ,2022-12-21,7.56,7.7,7.5,7.6,7.51,0.09,1.1984,58931.0,44784.478
000019.SZ,2022-12-22,7.65,7.74,7.5,7.53,7.6,-0.07,-0.9211,64608.8,49323.655
000019.SZ,2022-12-23,7.5,7.63,7.46,7.56,7.53,0.03,0.3984,53697.0,40500.312
000019.SZ,2022-12-26,7.69,7.85,7.55,7.6,7.56,0.04,0.5291,78889.34,60508.674
000019.SZ,2022-12-27,7.54,7.76,7.49,7.74,7.6,0.14,1.8421,90543.87,69308.0
000019.SZ,2022-12-28,7.7,7.74,7.5,7.55,7.74,-0.19,-2.4548,65653.96,49930.494
000019.SZ,2022-12-29,7.58,7.58,7.33,7.38,7.55,-0.17,-2.2517,64042.93,47537.197
000019.SZ,2022-12-30,7.4,7.52,7.31,7.51,7.38,0.13,1.7615,55349.91,41151.004
000019.SZ,2023-01-03,7.51,7.52,7.35,7.44,7.51,-0.07,-0.9321,71872.51,53246.135
000019.SZ,2023-01-04,7.43,7.51,7.39,7.47,7.44,0.03,0.4032,61383.0,45782.23
000019.SZ,2023-01-05,7.54,7.55,7.35,7.4,7.47,-0.07,-0.9371,81419.6,60345.047
000019.SZ,2023-01-06,7.35,7.46,7.32,7.41,7.4,0.01,0.1351,97608.22,71930.029
000019.SZ,2023-01-09,7.43,7.5,7.39,7.47,7.41,0.06,0.8097,72048.87,53646.849
000019.SZ,2023-01-10,7.46,7.49,7.34,7.41,7.47,-0.06,-0.8032,53013.0,39319.933
000019.SZ,2023-01-11,7.4,7.41,7.28,7.3,7.41,-0.11,-1.4845,47589.9,34940.978
000019.SZ,2023-01-12,7.3,7.32,7.22,7.27,7.3,-0.03,-0.411,33653.8,24457.42
000019.SZ,2023-01-13,7.27,7.35,7.25,7.34,7.27,0.07,0.9629,33757.63,24701.886
000019.SZ,2023-01-16,7.33,7.65,7.31,7.56,7.34,0.22,2.9973,114139.75,85562.075
000019.SZ,2023-01-17,7.57,7.63,7.42,7.46,7.56,-0.1,-1.3228,47292.4,35436.072
000019.SZ,2023-01-18,7.48,7.73,7.43,7.62,7.46,0.16,2.1448,103737.67,78737.56
000019.SZ,2023-01-19,7.58,7.72,7.54,7.67,7.62,0.05,0.6562,73231.61,55860.167
000019.SZ,2023-01-20,7.7,7.72,7.63,7.66,7.67,-0.01,-0.1304,53029.1,40664.516
000019.SZ,2023-01-30,7.72,7.78,7.67,7.74,7.66,0.08,1.0444,72500.72,55973.011
000019.SZ,2023-01-31,7.71,7.84,7.71,7.77,7.74,0.03,0.3876,69537.2,54013.813
000019.SZ,2023-02-01,7.77,7.82,7.73,7.8,7.77,0.03,0.3861,86023.87,66917.184
000019.SZ,2023-02-02,7.8,7.89,7.76,7.89,7.8,0.09,1.1538,87467.26,68528.333
000019.SZ,2023-02-03,7.88,7.9,7.7,7.83,7.89,-0.06,-0.7605,68679.9,53708.517
000019.SZ,2023-02-06,7.81,7.86,7.73,7.79,7.83,-0.04,-0.5109,32297.34,25109.78
000019.SZ,2023-02-07,7.79,7.82,7.72,7.82,7.79,0.03,0.3851,43245.2,33608.407
000019.SZ,2023-02-08,7.8,7.8,7.69,7.69,7.82,-0.13,-1.6624,42290.48,32728.701
000019.SZ,2023-02-09,7.73,7.78,7.67,7.77,7.69,0.08,1.0403,44092.6,34085.101
000019.SZ,2023-02-10,7.81,7.96,7.76,7.94,7.77,0.17,2.1879,99884.89,78849.471
000019.SZ,2023-02-13,7.98,8.09,7.9,7.95,7.94,0.01,0.1259,80851.84,64431.92
000019.SZ,2023-02-14,8.02,8.05,7.84,7.85,7.95,-0.1,-1.2579,79927.65,63066.71
000019.SZ,2023-02-15,7.86,7.88,7.74,7.76,7.85,-0.09,-1.1465,47062.96,36629.175
000019.SZ,2023-02-16,7.76,7.84,7.56,7.62,7.76,-0.14,-1.8041,69755.65,53937.406
000019.SZ,2023-02-17,7.65,7.83,7.62,7.75,7.62,0.13,1.706,60232.5,46677.403
000019.SZ,2023-02-20,7.79,7.84,7.67,7.83,7.75,0.08,1.0323,48208.5,37382.247
000019.SZ,2023-02-21,7.85,7.87,7.78,7.84,7.83,0.01,0.1277,46159.65,36138.894
000019.SZ,2023-02-22,7.83,8.0,7.78,8.0,7.84,0.16,2.0408,68010.44,53764.888
000019.SZ,2023-02-23,8.3,8.8,8.13,8.8,8.0,0.8,10.0,388096.19,336058.9
000019.SZ,2023-02-24,8.59,8.67,8.36,8.37,8.8,-0.43,-4.8864,576122.61,486999.419
000019.SZ,2023-02-27,8.35,8.41,8.23,8.23,8.37,-0.14,-1.6726,243515.22,201984.863
000019.SZ,2023-02-28,8.23,8.31,8.15,8.29,8.23,0.06,0.729,219961.54,181028.513
000019.SZ,2023-03-01,8.25,8.3,8.18,8.29,8.29,0.0,0.0,162499.41,133924.524
000019.SZ,2023-03-02,8.29,8.29,8.2,8.22,8.29,-0.07,-0.8444,127706.71,105066.747
000019.SZ,2023-03-03,8.22,8.34,8.11,8.31,8.22,0.09,1.0949,194935.89,160723.305
000019.SZ,2023-03-06,8.27,8.48,8.21,8.46,8.31,0.15,1.8051,252984.27,211974.594
000019.SZ,2023-03-07,8.37,8.4,8.12,8.16,8.46,-0.3,-3.5461,197019.37,162619.801
000019.SZ,2023-03-08,8.09,8.19,8.03,8.18,8.16,0.02,0.2451,100037.55,81302.868
000019.SZ,2023-03-09,8.13,8.18,8.03,8.04,8.18,-0.14,-1.7115,101495.3,81989.134
000019.SZ,2023-03-10,8.01,8.09,7.91,7.95,8.04,-0.09,-1.1194,103115.6,82351.52
000019.SZ,2023-03-13,7.91,8.03,7.82,8.02,7.95,0.07,0.8805,82522.1,65420.783
000019.SZ,2023-03-14,7.98,8.06,7.85,7.9,8.02,-0.12,-1.4963,73298.1,58224.979
000019.SZ,2023-03-15,7.92,8.02,7.9,7.97,7.9,0.07,0.8861,55557.0,44257.608
000019.SZ,2023-03-16,7.96,8.11,7.9,7.91,7.97,-0.06,-0.7528,114384.05,91831.709
000019.SZ,2023-03-17,7.94,8.06,7.91,8.0,7.91,0.09,1.1378,81441.05,65035.294
000019.SZ,2023-03-20,7.98,8.0,7.82,7.87,8.0,-0.13,-1.625,76948.5,60671.449
000019.SZ,2023-03-21,7.88,7.96,7.85,7.96,7.87,0.09,1.1436,47699.93,37728.404
000019.SZ,2023-03-22,7.98,8.01,7.89,7.96,7.96,0.0,0.0,53534.33,42548.214
000019.SZ,2023-03-23,7.93,7.94,7.84,7.91,7.96,-0.05,-0.6281,55927.43,44078.745
000019.SZ,2023-03-24,7.96,7.96,7.84,7.86,7.91,-0.05,-0.6321,52734.69,41547.184
000019.SZ,2023-03-27,7.85,7.88,7.68,7.77,7.86,-0.09,-1.145,84606.0,65709.476
000019.SZ,2023-03-28,7.81,7.85,7.72,7.85,7.77,0.08,1.0296,58125.7,45399.19
000019.SZ,2023-03-29,7.83,7.84,7.64,7.67,7.85,-0.18,-2.293,71564.76,55154.991
000019.SZ,2023-03-30,7.67,7.7,7.58,7.69,7.67,0.02,0.2608,50513.81,38552.578
000019.SZ,2023-03-31,7.7,7.81,7.69,7.79,7.69,0.1,1.3004,49507.0,38470.955
000019.SZ,2023-04-03,7.77,7.85,7.77,7.8,7.79,0.01,0.1284,48927.32,38177.49
000019.SZ,2023-04-04,7.78,7.88,7.73,7.78,7.8,-0.02,-0.2564,55360.8,43149.955
000019.SZ,2023-04-06,7.81,7.82,7.71,7.71,7.78,-0.07,-0.8997,42643.3,33044.132
000019.SZ,2023-04-07,7.71,7.85,7.7,7.83,7.71,0.12,1.5564,62688.7,48954.099
000019.SZ,2023-04-10,7.81,7.82,7.67,7.68,7.83,-0.15,-1.9157,51599.0,39860.143
000019.SZ,2023-04-11,7.67,7.7,7.61,7.69,7.68,0.01,0.1302,40870.55,31276.343
000019.SZ,2023-04-12,7.65,7.7,7.63,7.67,7.69,-0.02,-0.2601,42153.97,32328.622
000019.SZ,2023-04-13,7.65,7.67,7.53,7.56,7.67,-0.11,-1.4342,61498.5,46649.58
000019.SZ,2023-04-14,7.59,7.6,7.5,7.52,7.56,-0.04,-0.5291,41846.4,31493.678
000019.SZ,2023-04-17,7.53,7.59,7.5,7.59,7.52,0.07,0.9309,38285.8,28906.598
000019.SZ,2023-04-18,7.55,7.6,7.52,7.6,7.59,0.01,0.1318,29834.7,22581.666
000019.SZ,2023-04-19,7.6,7.64,7.53,7.61,7.6,0.01,0.1316,43550.3,33038.878
000019.SZ,2023-04-20,7.58,7.67,7.56,7.63,7.61,0.02,0.2628,55599.2,42350.267
000019.SZ,2023-04-21,7.62,7.79,7.61,7.75,7.63,0.12,1.5727,110325.01,85318.135
000019.SZ,2023-04-24,7.75,7.76,7.51,7.65,7.75,-0.1,-1.2903,74438.19,56592.379
000019.SZ,2023-04-25,7.67,7.71,7.36,7.44,7.65,-0.21,-2.7451,72165.5,54328.822
000019.SZ,2023-04-26,7.38,7.58,7.26,7.52,7.44,0.08,1.0753,52529.3,39191.997
000019.SZ,2023-04-27,7.54,7.54,7.43,7.44,7.52,-0.08,-1.0638,31953.81,23879.708
000019.SZ,2023-04-28,7.47,7.61,7.47,7.59,7.44,0.15,2.0161,41093.4,31012.707
000019.SZ,2023-05-04,7.58,7.7,7.52,7.7,7.59,0.11,1.4493,46174.9,35350.243
000019.SZ,2023-05-05,7.69,7.7,7.55,7.65,7.7,-0.05,-0.6494,44740.47,34057.641
000019.SZ,2023-05-08,7.65,7.72,7.63,7.71,7.65,0.06,0.7843,52500.05,40327.341
000019.SZ,2023-05-09,7.7,7.84,7.67,7.75,7.71,0.04,0.5188,72985.9,56674.602
000019.SZ,2023-05-10,7.74,7.8,7.64,7.69,7.75,-0.06,-0.7742,48784.51,37596.029
000019.SZ,2023-05-11,7.7,7.77,7.64,7.73,7.69,0.04,0.5202,40061.82,30844.304
000019.SZ,2023-05-12,7.74,7.78,7.68,7.68,7.73,-0.05,-0.6468,39952.7,30839.93
000019.SZ,2023-05-15,7.7,7.72,7.54,7.69,7.68,0.01,0.1302,47806.51,36530.957
000019.SZ,2023-05-16,7.68,7.74,7.63,7.67,7.69,-0.02,-0.2601,36462.2,27981.454
000019.SZ,2023-05-17,7.74,7.74,7.57,7.66,7.67,-0.01,-0.1304,26051.21,19888.378
000019.SZ,2023-05-18,7.66,7.67,7.54,7.54,7.66,-0.12,-1.5666,41016.4,31113.03
000019.SZ,2023-05-19,7.52,7.64,7.43,7.55,7.54,0.01,0.1326,39428.7,29662.845
000019.SZ,2023-05-22,7.53,7.72,7.53,7.71,7.55,0.16,2.1192,54077.86,41380.915
000019.SZ,2023-05-23,7.73,7.76,7.63,7.64,7.71,-0.07,-0.9079,38203.96,29321.713
000019.SZ,2023-05-24,7.61,7.63,7.46,7.46,7.64,-0.18,-2.356,38758.0,29210.428
000019.SZ,2023-05-25,7.44,7.5,7.37,7.41,7.46,-0.05,-0.6702,32248.7,23925.82
000019.SZ,2023-05-26,7.55,7.55,7.38,7.4,7.41,-0.01,-0.135,30777.7,22849.127
000019.SZ,2023-05-29,7.38,7.48,7.38,7.41,7.4,0.01,0.1351,29600.24,21972.078
000019.SZ,2023-05-30,7.41,7.43,7.29,7.43,7.41,0.02,0.2699,35087.74,25817.777
000019.SZ,2023-05-31,7.41,7.48,7.38,7.46,7.43,0.03,0.4038,35997.3,26810.012
000019.SZ,2023-06-01,7.46,7.49,7.41,7.47,7.46,0.01,0.134,23892.2,17800.26
000019.SZ,2023-06-02,7.45,7.53,7.45,7.52,7.47,0.05,0.6693,28809.45,21603.79
000019.SZ,2023-06-05,7.55,7.56,7.44,7.47,7.52,-0.05,-0.6649,23159.85,17346.161
000019.SZ,2023-06-06,7.47,7.49,7.41,7.42,7.47,-0.05,-0.6693,27734.94,20647.081
000019.SZ,2023-06-07,7.45,7.46,7.39,7.42,7.42,0.0,0.0,15383.03,11413.473
000019.SZ,2023-06-08,7.4,7.56,7.4,7.53,7.42,0.11,1.4825,38188.1,28660.722
000019.SZ,2023-06-09,7.55,7.55,7.49,7.52,7.53,-0.01,-0.1328,23058.3,17335.196
000019.SZ,2023-06-12,7.51,7.58,7.51,7.57,7.52,0.05,0.6649,27626.38,20853.306
000019.SZ,2023-06-13,7.57,7.61,7.52,7.59,7.57,0.02,0.2642,31970.3,24204.568
000019.SZ,2023-06-14,7.61,7.71,7.57,7.68,7.59,0.09,1.1858,51970.59,39853.182
000019.SZ,2023-06-15,7.69,7.97,7.61,7.83,7.68,0.15,1.9531,133857.84,104669.973
000019.SZ,2023-06-16,7.81,7.87,7.75,7.77,7.83,-0.06,-0.7663,58830.8,45808.956
000019.SZ,2023-06-19,7.77,7.78,7.65,7.66,7.77,-0.11,-1.4157,38702.83,29837.859
000019.SZ,2023-06-20,7.66,7.7,7.62,7.62,7.66,-0.04,-0.5222,30902.05,23635.773
000019.SZ,2023-06-21,7.63,7.82,7.58,7.7,7.62,0.08,1.0499,61158.18,47127.513
000019.SZ,2023-06-26,7.49,7.49,7.26,7.27,7.45,-0.18,-2.4161,58624.29,43080.073
000019.SZ,2023-06-27,7.29,7.38,7.27,7.36,7.27,0.09,1.238,38595.1,28332.548
000019.SZ,2023-06-28,7.37,7.38,7.24,7.34,7.36,-0.02,-0.2717,29328.0,21445.324
000019.SZ,2023-06-29,7.33,7.38,7.3,7.34,7.34,0.0,0.0,25680.59,18848.135
000019.SZ,2023-06-30,7.32,7.43,7.31,7.42,7.34,0.08,1.0899,31608.9,23370.596
000019.SZ,2023-07-03,7.44,7.48,7.41,7.47,7.42,0.05,0.6739,33883.02,25241.767
000019.SZ,2023-07-04,7.5,7.56,7.41,7.54,7.47,0.07,0.9371,42437.48,31836.769
000019.SZ,2023-07-05,7.54,7.58,7.48,7.54,7.54,0.0,0.0,33733.8,25447.39
000019.SZ,2023-07-06,7.53,7.69,7.49,7.62,7.54,0.08,1.061,91633.83,69686.623
000019.SZ,2023-07-07,7.58,7.73,7.55,7.63,7.62,0.01,0.1312,88018.18,67280.583
000019.SZ,2023-07-10,7.63,7.68,7.55,7.59,7.63,-0.04,-0.5242,49635.65,37713.58
000019.SZ,2023-07-11,7.6,7.64,7.57,7.6,7.59,0.01,0.1318,67313.64,51108.265
000019.SZ,2023-07-12,7.6,7.63,7.5,7.52,7.6,-0.08,-1.0526,45624.42,34503.251
000019.SZ,2023-07-13,7.55,7.62,7.51,7.6,7.52,0.08,1.0638,40008.14,30310.908
000019.SZ,2023-07-14,7.65,7.86,7.62,7.78,7.6,0.18,2.3684,144660.74,111859.821
000019.SZ,2023-07-17,7.71,7.74,7.6,7.66,7.78,-0.12,-1.5424,83899.48,64170.066
000019.SZ,2023-07-18,7.76,7.82,7.65,7.69,7.66,0.03,0.3916,69751.21,53770.928
000019.SZ,2023-07-19,7.66,7.73,7.63,7.65,7.69,-0.04,-0.5202,40499.1,31086.883
000019.SZ,2023-07-20,7.69,7.73,7.61,7.63,7.65,-0.02,-0.2614,47314.12,36295.786
000019.SZ,2023-07-21,7.68,7.92,7.66,7.79,7.63,0.16,2.097,191405.52,149657.125
000019.SZ,2023-07-24,7.75,7.76,7.56,7.61,7.79,-0.18,-2.3107,150741.7,114927.036
000019.SZ,2023-07-25,7.63,7.72,7.61,7.67,7.61,0.06,0.7884,92635.06,70876.276
000019.SZ,2023-07-26,7.67,7.78,7.62,7.78,7.67,0.11,1.4342,108846.11,84089.739
000019.SZ,2023-07-27,7.74,7.83,7.7,7.76,7.78,-0.02,-0.2571,87156.29,67599.161
000019.SZ,2023-07-28,7.7,7.8,7.7,7.78,7.76,0.02,0.2577,72626.42,56333.889
000019.SZ,2023-07-31,8.0,8.25,7.99,8.15,7.78,0.37,4.7558,306423.04,248727.986
000019.SZ,2023-08-01,8.12,8.15,7.89,7.93,8.15,-0.22,-2.6994,153170.4,122129.801
000019.SZ,2023-08-02,7.88,7.92,7.81,7.84,7.93,-0.09,-1.1349,92855.2,72935.661
000019.SZ,2023-08-03,7.87,7.91,7.81,7.9,7.84,0.06,0.7653,94718.75,74504.179
000019.SZ,2023-08-04,7.91,7.93,7.81,7.83,7.9,-0.07,-0.8861,103568.84,81496.557
000019.SZ,2023-08-07,8.0,8.23,7.93,8.11,7.83,0.28,3.576,304414.42,246479.559
000019.SZ,2023-08-08,8.13,8.18,7.94,8.05,8.11,-0.06,-0.7398,170356.68,137100.626
000019.SZ,2023-08-09,7.99,8.0,7.88,7.91,8.05,-0.14,-1.7391,89121.12,70685.663
000019.SZ,2023-08-10,7.92,8.05,7.83,7.94,7.91,0.03,0.3793,95579.38,75864.671
000019.SZ,2023-08-11,7.86,7.94,7.69,7.7,7.94,-0.24,-3.0227,114797.45,89273.639
000019.SZ,2023-08-14,7.62,7.65,7.5,7.57,7.7,-0.13,-1.6883,79489.6,60050.529
000019.SZ,2023-08-15,7.57,7.58,7.45,7.52,7.57,-0.05,-0.6605,57892.4,43499.166
000019.SZ,2023-08-16,7.48,7.56,7.44,7.51,7.52,-0.01,-0.133,39802.27,29846.286
000019.SZ,2023-08-17,7.48,7.55,7.35,7.53,7.51,0.02,0.2663,56694.37,42273.12
000019.SZ,2023-08-18,7.51,7.53,7.38,7.39,7.53,-0.14,-1.8592,55670.22,41469.725
000019.SZ,2023-08-21,7.4,7.47,7.34,7.34,7.39,-0.05,-0.6766,42549.3,31462.177
000019.SZ,2023-08-22,7.36,7.4,7.24,7.34,7.34,0.0,0.0,59763.7,43692.366
000019.SZ,2023-08-23,7.32,7.39,7.26,7.3,7.34,-0.04,-0.545,45344.82,33203.51
000019.SZ,2023-08-24,7.31,7.42,7.24,7.38,7.3,0.08,1.0959,50538.0,37110.558
000019.SZ,2023-08-25,7.37,7.49,7.31,7.33,7.38,-0.05,-0.6775,53157.82,39355.168
000019.SZ,2023-08-28,7.58,7.66,7.43,7.45,7.33,0.12,1.6371,138801.67,105036.251
000019.SZ,2023-08-29,7.42,7.49,7.35,7.47,7.45,0.02,0.2685,97274.92,72252.353
000019.SZ,2023-08-30,7.45,7.47,7.33,7.36,7.47,-0.11,-1.4726,79064.59,58472.809
000019.SZ,2023-08-31,7.37,7.37,7.22,7.24,7.36,-0.12,-1.6304,56750.94,41163.199
000019.SZ,2023-09-01,7.25,7.32,7.24,7.29,7.24,0.05,0.6906,31160.7,22701.767
000019.SZ,2023-09-04,7.29,7.4,7.29,7.39,7.29,0.1,1.3717,45315.2,33365.973
000019.SZ,2023-09-05,7.39,7.39,7.33,7.35,7.39,-0.04,-0.5413,32333.37,23764.501
000019.SZ,2023-09-06,7.36,7.4,7.3,7.4,7.35,0.05,0.6803,30036.43,22118.4
000019.SZ,2023-09-07,7.39,7.42,7.31,7.32,7.4,-0.08,-1.0811,33202.2,24436.105
000019.SZ,2023-09-08,7.3,7.35,7.26,7.33,7.32,0.01,0.1366,28635.2,20890.854
000019.SZ,2023-09-11,7.32,7.4,7.3,7.39,7.33,0.06,0.8186,33256.16,24501.043
000019.SZ,2023-09-12,7.37,7.44,7.36,7.42,7.39,0.03,0.406,32416.7,24018.59
000019.SZ,2023-09-13,7.41,7.42,7.3,7.35,7.42,-0.07,-0.9434,25164.07,18505.539
000019.SZ,2023-09-14,7.35,7.35,7.3,7.34,7.35,-0.01,-0.1361,25122.82,18417.734
000019.SZ,2023-09-15,7.36,7.4,7.3,7.37,7.34,0.03,0.4087,27821.07,20494.419
000019.SZ,2023-09-18,7.35,7.43,7.31,7.43,7.37,0.06,0.8141,32797.98,24240.905
000019.SZ,2023-09-19,7.42,7.44,7.38,7.42,7.43,-0.01,-0.1346,27173.07,20141.029
000019.SZ,2023-09-20,7.42,7.48,7.39,7.44,7.42,0.02,0.2695,36322.1,27068.354
000019.SZ,2023-09-21,7.41,7.46,7.3,7.3,7.44,-0.14,-1.8817,36708.15,27008.965
000019.SZ,2023-09-22,7.3,7.37,7.25,7.35,7.3,0.05,0.6849,26771.4,19608.85
000019.SZ,2023-09-25,7.35,7.4,7.3,7.33,7.35,-0.02,-0.2721,26746.6,19649.405
000019.SZ,2023-09-26,7.3,7.36,7.27,7.29,7.33,-0.04,-0.5457,24236.9,17711.902
000019.SZ,2023-09-27,7.26,7.32,7.26,7.27,7.29,-0.02,-0.2743,22959.42,16732.899
000019.SZ,2023-09-28,7.29,7.31,7.27,7.3,7.27,0.03,0.4127,18969.08,13823.601
000019.SZ,2023-10-09,7.3,7.3,7.14,7.16,7.3,-0.14,-1.9178,41237.29,29563.731
000019.SZ,2023-10-10,7.22,7.24,7.15,7.17,7.16,0.01,0.1397,28286.12,20305.922
000019.SZ,2023-10-11,7.2,7.2,7.11,7.13,7.17,-0.04,-0.5579,24362.0,17436.467
000019.SZ,2023-10-12,7.16,7.25,7.13,7.23,7.13,0.1,1.4025,29217.6,21034.088
000019.SZ,2023-10-13,7.2,7.22,7.13,7.14,7.23,-0.09,-1.2448,21788.82,15596.785
000019.SZ,2023-10-16,7.16,7.21,7.12,7.17,7.14,0.03,0.4202,30001.59,21484.698
000019.SZ,2023-10-17,7.17,7.18,7.06,7.12,7.17,-0.05,-0.6974,36665.46,26046.043
000019.SZ,2023-10-18,7.09,7.22,7.08,7.09,7.12,-0.03,-0.4213,53874.9,38545.926
000019.SZ,2023-10-19,7.03,7.04,6.91,6.95,7.09,-0.14,-1.9746,55214.42,38488.451
000019.SZ,2023-10-20,6.94,6.97,6.89,6.9,6.95,-0.05,-0.7194,24476.3,16932.811
000019.SZ,2023-10-23,6.9,6.9,6.67,6.71,6.9,-0.19,-2.7536,39764.46,26884.493
000019.SZ,2023-10-24,6.71,6.85,6.68,6.83,6.71,0.12,1.7884,26316.16,17859.798
000019.SZ,2023-10-25,6.84,6.93,6.84,6.88,6.83,0.05,0.7321,31806.09,21924.954
000019.SZ,2023-10-26,6.89,6.91,6.79,6.88,6.88,0.0,0.0,27876.15,19116.116
000019.SZ,2023-10-27,6.91,7.02,6.89,7.0,6.88,0.12,1.7442,34472.0,24030.307
000019.SZ,2023-10-30,7.05,7.21,7.01,7.19,7.0,0.19,2.7143,59603.96,42668.014
000019.SZ,2023-10-31,7.17,7.28,7.14,7.25,7.19,0.06,0.8345,57885.36,41846.043
000019.SZ,2023-11-01,7.22,7.34,7.22,7.31,7.25,0.06,0.8276,53776.75,39219.677
000019.SZ,2023-11-02,7.3,7.34,7.25,7.29,7.31,-0.02,-0.2736,48258.66,35203.559
000019.SZ,2023-11-03,7.24,7.31,7.24,7.25,7.29,-0.04,-0.5487,34880.74,25370.074
000019.SZ,2023-11-06,7.26,7.32,7.21,7.29,7.25,0.04,0.5517,46622.98,33925.203
000019.SZ,2023-11-07,7.33,7.37,7.26,7.33,7.29,0.04,0.5487,39208.15,28707.546
000019.SZ,2023-11-08,7.31,7.38,7.23,7.28,7.33,-0.05,-0.6821,31364.9,22858.732
000019.SZ,2023-11-09,7.25,7.32,7.2,7.24,7.28,-0.04,-0.5495,34828.65,25252.064
000019.SZ,2023-11-10,7.26,7.28,7.18,7.25,7.24,0.01,0.1381,29497.6,21327.008
000019.SZ,2023-11-13,7.24,7.28,7.14,7.27,7.25,0.02,0.2759,43578.35,31421.412
000019.SZ,2023-11-14,7.27,7.34,7.24,7.3,7.27,0.03,0.4127,41455.2,30293.875
000019.SZ,2023-11-15,7.31,7.36,7.23,7.26,7.3,-0.04,-0.5479,34329.97,24945.38
000019.SZ,2023-11-16,7.25,7.3,7.21,7.26,7.26,0.0,0.0,31256.28,22730.868
000019.SZ,2023-11-17,7.25,7.28,7.22,7.26,7.26,0.0,0.0,25009.0,18142.427
000019.SZ,2023-11-20,7.27,7.37,7.25,7.35,7.26,0.09,1.2397,30076.63,22009.436
000019.SZ,2023-11-21,7.35,7.38,7.33,7.35,7.35,0.0,0.0,35599.6,26185.927
000019.SZ,2023-11-22,7.35,7.47,7.33,7.44,7.35,0.09,1.2245,74299.8,55209.269
000019.SZ,2023-11-23,7.35,7.43,7.29,7.42,7.44,-0.02,-0.2688,65709.7,48395.846
000019.SZ,2023-11-24,7.42,7.51,7.4,7.48,7.42,0.06,0.8086,62336.95,46535.924
000019.SZ,2023-11-27,7.5,7.55,7.46,7.52,7.48,0.04,0.5348,67127.56,50366.615
000019.SZ,2023-11-28,7.5,7.57,7.44,7.54,7.52,0.02,0.266,58812.3,44172.619
000019.SZ,2023-11-29,7.53,7.61,7.49,7.57,7.54,0.03,0.3979,66498.4,50321.602
000019.SZ,2023-11-30,7.53,7.6,7.5,7.56,7.57,-0.01,-0.1321,58137.42,43893.697
000019.SZ,2023-12-01,7.53,7.6,7.5,7.52,7.56,-0.04,-0.5291,56946.9,42950.8
000019.SZ,2023-12-04,7.55,7.59,7.48,7.55,7.52,0.03,0.3989,55587.63,41896.093
000019.SZ,2023-12-05,7.55,7.62,7.52,7.52,7.55,-0.03,-0.3974,60914.59,46165.197
000019.SZ,2023-12-06,7.5,7.64,7.47,7.6,7.52,0.08,1.0638,70233.47,53202.366
000019.SZ,2023-12-07,7.6,7.6,7.43,7.56,7.6,-0.04,-0.5263,58866.73,44294.608
000019.SZ,2023-12-08,7.58,7.59,7.41,7.43,7.56,-0.13,-1.7196,77450.28,57988.697
000019.SZ,2023-12-11,7.4,7.51,7.3,7.5,7.43,0.07,0.9421,51065.4,37933.007
000019.SZ,2023-12-12,7.46,7.58,7.46,7.57,7.5,0.07,0.9333,42564.5,32035.958
000019.SZ,2023-12-13,7.56,7.61,7.51,7.53,7.57,-0.04,-0.5284,33055.12,25004.631
000019.SZ,2023-12-14,7.51,7.76,7.47,7.66,7.53,0.13,1.7264,95427.92,72945.997
000019.SZ,2023-12-15,7.62,7.66,7.43,7.51,7.66,-0.15,-1.9582,114098.16,85567.213
000019.SZ,2023-12-18,7.49,7.55,7.41,7.44,7.51,-0.07,-0.9321,78025.78,58246.234
000019.SZ,2023-12-19,7.43,7.46,7.33,7.4,7.44,-0.04,-0.5376,51595.0,38140.828
000019.SZ,2023-12-20,7.39,7.46,7.34,7.34,7.4,-0.06,-0.8108,46563.42,34374.501
000019.SZ,2023-12-21,7.31,7.46,7.25,7.4,7.34,0.06,0.8174,53641.08,39380.618
000019.SZ,2023-12-22,7.4,7.45,7.31,7.35,7.4,-0.05,-0.6757,43375.1,31938.158
000019.SZ,2023-12-25,7.35,7.35,7.23,7.31,7.35,-0.04,-0.5442,30368.7,22133.364
000019.SZ,2023-12-26,7.3,7.37,7.26,7.29,7.31,-0.02,-0.2736,31152.01,22783.05
000019.SZ,2023-12-27,7.28,7.5,7.26,7.49,7.29,0.2,2.7435,49805.4,36867.038
000019.SZ,2023-12-28,7.48,7.52,7.4,7.51,7.49,0.02,0.267,47721.43,35630.65
000019.SZ,2023-12-29,7.45,7.55,7.45,7.54,7.51,0.03,0.3995,41720.9,31328.048
000019.SZ,2024-01-02,7.51,7.66,7.51,7.63,7.54,0.09,1.1936,66741.26,50787.933
000019.SZ,2024-01-03,7.62,7.67,7.58,7.63,7.63,0.0,0.0,40012.69,30491.936
000019.SZ,2024-01-04,7.63,7.67,7.59,7.62,7.63,-0.01,-0.1311,45416.45,34626.77
000019.SZ,2024-01-05,7.63,7.65,7.51,7.57,7.62,-0.05,-0.6562,41792.2,31656.899
000019.SZ,2024-01-08,7.56,7.56,7.37,7.37,7.57,-0.2,-2.642,42198.16,31401.611
000019.SZ,2024-01-09,7.37,7.48,7.33,7.44,7.37,0.07,0.9498,28848.2,21396.454
000019.SZ,2024-01-10,7.46,7.52,7.36,7.5,7.44,0.06,0.8065,33960.15,25335.348
000019.SZ,2024-01-11,7.46,7.6,7.46,7.5,7.5,0.0,0.0,40086.22,30215.036
000019.SZ,2024-01-12,7.48,7.62,7.46,7.53,7.5,0.03,0.4,37023.26,27949.445
000019.SZ,2024-01-15,7.51,7.65,7.51,7.6,7.53,0.07,0.9296,69853.18,53052.865
000019.SZ,2024-01-16,7.58,7.63,7.43,7.53,7.6,-0.07,-0.9211,69872.07,52600.821
000019.SZ,2024-01-17,7.53,7.61,7.43,7.45,7.53,-0.08,-1.0624,54507.0,41064.725
000019.SZ,2024-01-18,7.39,7.43,6.8,7.05,7.45,-0.4,-5.3691,147871.57,103305.946
000019.SZ,2024-01-19,7.08,7.11,6.95,7.03,7.05,-0.02,-0.2837,85375.95,60057.429
000019.SZ,2024-01-22,6.96,7.1,6.66,6.7,7.03,-0.33,-4.6942,89624.49,61950.687
000019.SZ,2024-01-23,6.64,6.72,6.47,6.68,6.7,-0.02,-0.2985,77208.36,50884.894
000019.SZ,2024-01-24,6.67,6.87,6.57,6.87,6.68,0.19,2.8443,73364.9,49310.524
000019.SZ,2024-01-25,6.85,7.17,6.82,7.15,6.87,0.28,4.0757,83368.3,58583.49
000019.SZ,2024-01-26,7.13,7.6,7.13,7.4,7.15,0.25,3.4965,153548.3,114032.303
000019.SZ,2024-01-29,7.4,7.43,7.11,7.15,7.4,-0.25,-3.3784,85597.83,62114.097
000019.SZ,2024-01-30,7.14,7.26,6.99,7.02,7.15,-0.13,-1.8182,69378.94,49482.502
000019.SZ,2024-01-31,6.89,7.01,6.64,6.67,7.02,-0.35,-4.9858,79594.86,54004.353
000019.SZ,2024-02-01,6.63,6.78,6.48,6.6,6.67,-0.07,-1.0495,88313.97,58582.852
000019.SZ,2024-02-02,6.63,6.77,6.2,6.38,6.6,-0.22,-3.3333,115475.19,75137.544
000019.SZ,2024-02-05,6.36,6.36,5.78,5.89,6.38,-0.49,-7.6803,119225.56,71524.346
000019.SZ,2024-02-06,5.85,6.32,5.61,6.15,5.89,0.26,4.4143,159304.43,93867.515
000019.SZ,2024-02-07,6.15,6.59,6.11,6.45,6.15,0.3,4.878,182075.56,116496.343
000019.SZ,2024-02-08,6.43,6.77,6.28,6.65,6.45,0.2,3.1008,158103.8,102999.939
000019.SZ,2024-02-19,6.67,6.94,6.65,6.82,6.65,0.17,2.5564,126123.2,86000.322
000019.SZ,2024-02-20,6.82,6.84,6.61,6.66,6.82,-0.16,-2.346,73228.8,48961.749
000019.SZ,2024-02-21,6.61,6.83,6.55,6.68,6.66,0.02,0.3003,76164.1,51167.5
000019.SZ,2024-02-22,6.69,6.76,6.62,6.73,6.68,0.05,0.7485,50713.35,33973.032
000019.SZ,2024-02-23,6.73,6.77,6.68,6.77,6.73,0.04,0.5944,60427.6,40655.16
000019.SZ,2024-02-26,6.75,6.86,6.66,6.77,6.77,0.0,0.0,78376.5,53004.533
000019.SZ,2024-02-27,6.77,6.88,6.72,6.88,6.77,0.11,1.6248,62413.53,42590.97
000019.SZ,2024-02-28,6.9,7.39,6.65,6.9,6.88,0.02,0.2907,214428.82,148891.998
000019.SZ,2024-02-29,6.65,6.92,6.59,6.9,6.9,0.0,0.0,231215.51,155979.118
000019.SZ,2024-03-01,6.86,6.86,6.69,6.73,6.9,-0.17,-2.4638,167636.73,112908.241
000019.SZ,2024-03-04,6.72,6.77,6.62,6.67,6.73,-0.06,-0.8915,103047.7,68669.106
000019.SZ,2024-03-05,6.61,6.67,6.56,6.59,6.67,-0.08,-1.1994,77467.64,51172.658
000019.SZ,2024-03-06,6.55,6.62,6.49,6.56,6.59,-0.03,-0.4552,58859.9,38566.444
000019.SZ,2024-03-07,6.56,6.71,6.54,6.6,6.56,0.04,0.6098,64033.92,42499.267
000019.SZ,2024-03-08,6.59,6.64,6.49,6.53,6.6,-0.07,-1.0606,48034.4,31428.315
000019.SZ,2024-03-11,6.53,6.58,6.49,6.58,6.53,0.05,0.7657,51150.1,33397.638
000019.SZ,2024-03-12,6.59,6.69,6.56,6.68,6.58,0.1,1.5198,70437.6,46748.91
000019.SZ,2024-03-13,6.7,6.74,6.59,6.64,6.68,-0.04,-0.5988,63886.33,42428.165
000019.SZ,2024-03-14,6.6,6.69,6.57,6.64,6.64,0.0,0.0,52843.6,35079.68
000019.SZ,2024-03-15,6.63,6.71,6.59,6.71,6.64,0.07,1.0542,52775.07,35230.74
000019.SZ,2024-03-18,6.71,6.77,6.68,6.75,6.71,0.04,0.5961,56016.02,37623.04
000019.SZ,2024-03-19,6.74,6.82,6.73,6.76,6.75,0.01,0.1481,70463.72,47770.714
000019.SZ,2024-03-20,6.77,6.81,6.72,6.77,6.76,0.01,0.1479,51629.44,34928.785
000019.SZ,2024-03-21,6.82,6.84,6.73,6.81,6.77,0.04,0.5908,67412.48,45859.776
000019.SZ,2024-03-22,6.82,6.86,6.67,6.7,6.81,-0.11,-1.6153,59541.79,40077.938
000019.SZ,2024-03-25,6.69,6.71,6.54,6.56,6.7,-0.14,-2.0896,53639.43,35566.289
000019.SZ,2024-03-26,6.56,6.63,6.5,6.56,6.56,0.0,0.0,45563.0,29869.816
000019.SZ,2024-03-27,6.55,6.85,6.53,6.54,6.56,-0.02,-0.3049,106966.6,70960.495
000019.SZ,2024-03-28,6.36,6.59,6.3,6.53,6.54,-0.01,-0.1529,83604.8,54322.851
000019.SZ,2024-03-29,6.53,6.64,6.5,6.63,6.53,0.1,1.5314,54697.1,36062.8
000019.SZ,2024-04-01,6.66,6.77,6.64,6.71,6.63,0.08,1.2066,65846.8,44142.371
000019.SZ,2024-04-02,6.76,6.76,6.63,6.68,6.71,-0.03,-0.4471,44379.14,29631.661
000019.SZ,2024-04-03,6.66,6.79,6.66,6.78,6.68,0.1,1.497,66430.79,44807.475
000019.SZ,2024-04-08,6.78,6.88,6.77,6.79,6.78,0.01,0.1475,72373.9,49426.524
000019.SZ,2024-04-09,6.76,6.85,6.7,6.82,6.79,0.03,0.4418,57320.0,38833.83
000019.SZ,2024-04-10,6.83,6.9,6.69,6.72,6.82,-0.1,-1.4663,51178.9,34799.372
000019.SZ,2024-04-11,6.68,6.82,6.65,6.75,6.72,0.03,0.4464,48982.4,33115.906
000019.SZ,2024-04-12,6.73,6.78,6.6,6.62,6.75,-0.13,-1.9259,73766.04,49251.997
000019.SZ,2024-04-15,6.59,6.66,6.35,6.44,6.62,-0.18,-2.719,90058.3,58444.73
000019.SZ,2024-04-16,6.33,6.37,5.95,5.97,6.44,-0.47,-7.2981,139844.34,85449.129
000019.SZ,2024-04-17,5.99,6.3,5.98,6.29,5.97,0.32,5.3601,107501.76,66580.56
000019.SZ,2024-04-18,6.32,6.41,6.21,6.33,6.29,0.04,0.6359,78405.14,49720.072
000019.SZ,2024-04-19,6.3,6.52,6.26,6.45,6.33,0.12,1.8957,93594.89,60019.936
000019.SZ,2024-04-22,6.36,6.48,6.34,6.42,6.45,-0.03,-0.4651,75781.45,48597.002
000019.SZ,2024-04-23,6.46,6.53,6.39,6.42,6.42,0.0,0.0,78301.85,50557.728
000019.SZ,2024-04-24,6.4,6.45,6.31,6.42,6.42,0.0,0.0,66575.77,42456.152
000019.SZ,2024-04-25,6.42,6.49,6.36,6.41,6.42,-0.01,-0.1558,50283.1,32362.515
000019.SZ,2024-04-26,6.3,6.39,6.24,6.38,6.41,-0.03,-0.468,68951.3,43603.437
000019.SZ,2024-04-29,6.35,6.55,6.35,6.55,6.38,0.17,2.6646,77478.05,50240.728
000019.SZ,2024-04-30,6.53,6.61,6.51,6.54,6.55,-0.01,-0.1527,50810.1,33307.216
000019.SZ,2024-05-06,6.58,6.68,6.56,6.66,6.54,0.12,1.8349,72461.4,48160.736
000019.SZ,2024-05-07,6.67,6.7,6.6,6.66,6.66,0.0,0.0,51993.47,34568.25
000019.SZ,2024-05-08,6.65,6.69,6.62,6.65,6.66,-0.01,-0.1502,50892.62,33859.683
000019.SZ,2024-05-09,6.65,6.75,6.63,6.71,6.65,0.06,0.9023,52054.6,34895.483
000019.SZ,2024-05-10,6.73,6.82,6.7,6.74,6.71,0.03,0.4471,66248.67,44717.433
000019.SZ,2024-05-13,6.71,6.75,6.62,6.68,6.74,-0.06,-0.8902,48880.65,32719.046
000019.SZ,2024-05-14,6.69,6.81,6.68,6.74,6.68,0.06,0.8982,52822.02,35676.892
000019.SZ,2024-05-15,6.72,6.77,6.66,6.72,6.74,-0.02,-0.2967,43580.82,29315.944
000019.SZ,2024-05-16,6.72,6.77,6.68,6.71,6.72,-0.01,-0.1488,36938.3,24886.581
000019.SZ,2024-05-17,6.7,6.76,6.66,6.75,6.71,0.04,0.5961,43428.3,29130.269
000019.SZ,2024-05-20,6.77,6.83,6.74,6.78,6.75,0.03,0.4444,60383.08,40953.405
000019.SZ,2024-05-21,6.78,6.84,6.7,6.78,6.78,0.0,0.0,47040.31,31821.141
000019.SZ,2024-05-22,6.78,6.81,6.74,6.75,6.78,-0.03,-0.4425,42295.0,28659.05
000019.SZ,2024-05-23,6.74,6.75,6.58,6.61,6.75,-0.14,-2.0741,47089.57,31276.287
000019.SZ,2024-05-24,6.62,6.72,6.58,6.66,6.61,0.05,0.7564,43021.39,28713.505
000019.SZ,2024-05-27,6.63,6.7,6.53,6.61,6.66,-0.05,-0.7508,51495.6,33919.766
000019.SZ,2024-05-28,6.61,6.61,6.5,6.52,6.61,-0.09,-1.3616,38678.01,25331.55
000019.SZ,2024-05-29,6.51,6.57,6.47,6.49,6.52,-0.03,-0.4601,32443.12,21161.702
000019.SZ,2024-05-30,6.49,6.53,6.41,6.43,6.49,-0.06,-0.9245,31893.8,20600.332
000019.SZ,2024-05-31,6.44,6.48,6.42,6.45,6.43,0.02,0.311,31852.9,20537.169
000019.SZ,2024-06-03,6.43,6.49,6.27,6.34,6.45,-0.11,-1.7054,66670.1,42490.56
000019.SZ,2024-06-04,6.32,6.41,6.23,6.4,6.34,0.06,0.9464,47429.22,29990.711
000019.SZ,2024-06-05,6.39,6.41,6.23,6.25,6.4,-0.15,-2.3438,44702.5,28217.872
000019.SZ,2024-06-06,6.25,6.3,6.0,6.05,6.25,-0.2,-3.2,82287.63,50091.36
000019.SZ,2024-06-07,6.08,6.21,6.06,6.15,6.05,0.1,1.6529,60597.4,37158.943
000019.SZ,2024-06-11,6.14,6.14,6.03,6.1,6.15,-0.05,-0.813,40260.76,24491.361
000019.SZ,2024-06-12,6.08,6.36,6.08,6.3,6.1,0.2,3.2787,92330.07,57638.341
000019.SZ,2024-06-13,6.32,6.39,6.25,6.3,6.3,0.0,0.0,98758.78,62608.171
000019.SZ,2024-06-14,6.29,6.33,6.16,6.22,6.3,-0.08,-1.2698,94948.65,59211.932
000019.SZ,2024-06-17,6.21,6.21,6.1,6.15,6.22,-0.07,-1.1254,73025.1,44825.352
000019.SZ,2024-06-18,6.16,6.25,6.11,6.22,6.15,0.07,1.1382,53716.11,33246.688
000019.SZ,2024-06-19,6.05,6.07,5.94,5.97,6.02,-0.05,-0.8306,41692.58,24975.103
000019.SZ,2024-06-20,5.95,5.99,5.76,5.78,5.97,-0.19,-3.1826,54910.7,32150.424
000019.SZ,2024-06-21,5.75,5.89,5.73,5.83,5.78,0.05,0.8651,39771.03,23220.797
000019.SZ,2024-06-24,5.83,5.85,5.65,5.66,5.83,-0.17,-2.916,41407.94,23603.718
000019.SZ,2024-06-25,5.64,5.74,5.6,5.68,5.66,0.02,0.3534,28467.08,16194.2
000019.SZ,2024-06-26,5.64,5.84,5.64,5.83,5.68,0.15,2.6408,31058.9,17861.938
000019.SZ,2024-06-27,5.83,5.86,5.75,5.76,5.83,-0.07,-1.2007,23698.0,13720.056
000019.SZ,2024-06-28,5.76,5.82,5.71,5.74,5.76,-0.02,-0.3472,24587.7,14188.401
000019.SZ,2024-07-01,5.71,6.1,5.7,6.02,5.74,0.28,4.878,76925.61,45655.991
000019.SZ,2024-07-02,6.0,6.04,5.94,5.97,6.02,-0.05,-0.8306,41951.85,25097.088
000019.SZ,2024-07-03,5.98,6.11,5.96,6.01,5.97,0.04,0.67,35570.96,21475.493
000019.SZ,2024-07-04,6.02,6.04,5.82,5.84,6.01,-0.17,-2.8286,33357.67,19696.196
000019.SZ,2024-07-05,5.83,5.9,5.79,5.89,5.84,0.05,0.8562,18565.13,10858.482
000019.SZ,2024-07-08,5.91,5.91,5.72,5.74,5.89,-0.15,-2.5467,25330.95,14637.097
000019.SZ,2024-07-09,5.74,5.79,5.62,5.79,5.74,0.05,0.8711,33247.99,19005.894
000019.SZ,2024-07-10,5.73,5.9,5.64,5.8,5.79,0.01,0.1727,44188.75,25552.091
000019.SZ,2024-07-11,5.85,5.9,5.76,5.86,5.8,0.06,1.0345,45597.75,26577.294
000019.SZ,2024-07-12,5.83,5.92,5.8,5.89,5.86,0.03,0.5119,32552.3,19161.395
000019.SZ,2024-07-15,5.89,5.9,5.81,5.84,5.89,-0.05,-0.8489,19744.66,11525.92
000019.SZ,2024-07-16,5.85,5.86,5.78,5.81,5.84,-0.03,-0.5137,18682.05,10850.531
000019.SZ,2024-07-17,5.84,5.88,5.75,5.84,5.81,0.03,0.5164,26682.08,15530.239
000019.SZ,2024-07-18,5.8,5.86,5.75,5.83,5.84,-0.01,-0.1712,23606.35,13699.09
000019.SZ,2024-07-19,5.8,5.81,5.72,5.78,5.83,-0.05,-0.8576,19789.28,11415.037
000019.SZ,2024-07-23,5.76,5.83,5.72,5.72,5.79,-0.07,-1.209,19575.51,11295.551
000019.SZ,2024-07-24,5.73,5.73,5.62,5.63,5.72,-0.09,-1.5734,29085.16,16442.707
000019.SZ,2024-07-25,5.62,5.7,5.59,5.68,5.63,0.05,0.8881,24492.46,13846.105
000019.SZ,2024-07-26,5.65,5.78,5.65,5.77,5.68,0.09,1.5845,23189.53,13341.711
000019.SZ,2024-07-29,5.8,5.8,5.72,5.76,5.77,-0.01,-0.1733,15771.98,9070.363
000019.SZ,2024-07-30,5.76,5.85,5.74,5.84,5.76,0.08,1.3889,22550.03,13086.748
000019.SZ,2024-07-31,5.83,5.98,5.81,5.98,5.84,0.14,2.3973,38966.3,23152.317
000019.SZ,2024-08-01,5.98,6.01,5.89,5.93,5.98,-0.05,-0.8361,51986.15,30799.434
000019.SZ,2024-08-02,5.9,6.0,5.89,5.96,5.93,0.03,0.5059,29396.15,17530.739
000019.SZ,2024-08-05,5.96,6.02,5.86,5.88,5.96,-0.08,-1.3423,33762.52,20072.78
000019.SZ,2024-08-06,5.94,6.01,5.92,6.01,5.88,0.13,2.2109,31124.4,18580.646
000019.SZ,2024-08-07,6.03,6.03,5.94,5.97,6.01,-0.04,-0.6656,24629.0,14735.964
000019.SZ,2024-08-08,5.96,6.1,5.96,6.07,5.97,0.1,1.675,32149.7,19411.566
000019.SZ,2024-08-09,6.09,6.14,6.05,6.06,6.07,-0.01,-0.1647,33717.1,20535.334
000019.SZ,2024-08-12,6.06,6.1,6.03,6.05,6.06,-0.01,-0.165,23243.5,14079.483
000019.SZ,2024-08-13,6.07,6.09,5.97,6.0,6.05,-0.05,-0.8264,21107.1,12705.525
000019.SZ,2024-08-14,5.99,6.01,5.94,5.97,6.0,-0.03,-0.5,18323.73,10944.715
000019.SZ,2024-08-15,5.96,6.06,5.94,5.97,5.97,0.0,0.0,26306.93,15742.743
000019.SZ,2024-08-16,6.0,6.0,5.93,5.93,5.97,-0.04,-0.67,22736.84,13527.44
000019.SZ,2024-08-19,5.92,5.99,5.92,5.96,5.93,0.03,0.5059,18044.65,10746.572
000019.SZ,2024-08-20,5.95,5.95,5.84,5.87,5.96,-0.09,-1.5101,25618.1,15074.761
000019.SZ,2024-08-21,5.87,5.9,5.77,5.78,5.87,-0.09,-1.5332,22586.7,13144.183
000019.SZ,2024-08-22,5.81,5.85,5.7,5.72,5.78,-0.06,-1.0381,18900.15,10851.819
000019.SZ,2024-08-23,5.71,5.75,5.65,5.7,5.72,-0.02,-0.3497,26347.6,14979.863
000019.SZ,2024-08-26,5.65,5.86,5.65,5.82,5.7,0.12,2.1053,27176.37,15697.682
000019.SZ,2024-08-27,5.8,5.97,5.78,5.91,5.82,0.09,1.5464,39920.75,23547.534
000019.SZ,2024-08-28,5.98,6.06,5.83,6.02,5.91,0.11,1.8613,61820.4,36985.918
000019.SZ,2024-08-29,6.01,6.02,5.85,5.91,6.02,-0.11,-1.8272,57515.3,34017.963
000019.SZ,2024-08-30,5.84,6.01,5.84,5.94,5.91,0.03,0.5076,53133.55,31560.541
000019.SZ,2024-09-02,5.95,6.07,5.92,5.94,5.94,0.0,0.0,45063.1,27010.741
000019.SZ,2024-09-03,5.95,6.07,5.92,6.04,5.94,0.1,1.6835,49363.71,29635.354
000019.SZ,2024-09-04,6.01,6.5,6.0,6.19,6.04,0.15,2.4834,192272.69,120100.11
000019.SZ,2024-09-05,6.19,6.27,6.09,6.16,6.19,-0.03,-0.4847,110852.5,68373.929
000019.SZ,2024-09-06,6.13,6.17,6.06,6.09,6.16,-0.07,-1.1364,59819.7,36582.128
000019.SZ,2024-09-09,6.04,6.13,6.0,6.12,6.09,0.03,0.4926,52133.7,31717.511
000019.SZ,2024-09-10,6.13,6.15,5.99,6.03,6.12,-0.09,-1.4706,43878.28,26540.488
000019.SZ,2024-09-11,5.98,6.05,5.73,5.78,6.03,-0.25,-4.1459,83291.9,48775.364
000019.SZ,2024-09-12,5.78,5.81,5.63,5.65,5.78,-0.13,-2.2491,144591.4,82227.938
000019.SZ,2024-09-13,5.65,5.76,5.54,5.71,5.65,0.06,1.0619,148157.4,83878.887
000019.SZ,2024-09-18,5.68,5.68,5.51,5.62,5.71,-0.09,-1.5762,107773.67,60004.962
000019.SZ,2024-09-19,5.61,6.01,5.59,5.97,5.62,0.35,6.2278,166714.2,98068.551
000019.SZ,2024-09-20,5.94,5.98,5.86,5.87,5.97,-0.1,-1.675,97074.64,57300.12
000019.SZ,2024-09-23,5.86,5.89,5.75,5.82,5.87,-0.05,-0.8518,61980.22,35900.311
000019.SZ,2024-09-24,5.82,5.99,5.82,5.99,5.82,0.17,2.921,85764.53,50774.778
000019.SZ,2024-09-25,6.07,6.15,5.97,5.99,5.99,0.0,0.0,81998.3,49633.356
000019.SZ,2024-09-26,6.0,6.21,5.95,6.21,5.99,0.22,3.6728,90383.45,55129.59
000019.SZ,2024-09-27,6.26,6.41,6.22,6.3,6.21,0.09,1.4493,135186.28,85066.25
000019.SZ,2024-09-30,6.45,6.79,6.34,6.75,6.3,0.45,7.1429,250548.93,165343.238
000019.SZ,2024-10-08,7.41,7.42,6.68,6.93,6.75,0.18,2.6667,324546.22,226340.636
000019.SZ,2024-10-09,6.83,6.83,6.33,6.34,6.93,-0.59,-8.5137,179294.98,117328.091
000019.SZ,2024-10-10,6.45,6.65,6.38,6.51,6.34,0.17,2.6814,145634.42,95162.101
000019.SZ,2024-10-11,6.51,6.55,6.29,6.33,6.51,-0.18,-2.765,103122.92,66042.573
000019.SZ,2024-10-14,6.36,6.51,6.36,6.48,6.33,0.15,2.3697,108680.22,69938.168
000019.SZ,2024-10-15,6.41,6.58,6.39,6.42,6.48,-0.06,-0.9259,101324.14,65505.21
000019.SZ,2024-10-16,6.41,6.53,6.33,6.49,6.42,0.07,1.0903,73797.45,47612.632
000019.SZ,2024-10-17,6.49,6.53,6.34,6.36,6.49,-0.13,-2.0031,69514.9,44622.993
000019.SZ,2024-10-18,6.35,6.51,6.29,6.45,6.36,0.09,1.4151,102268.36,65655.391
000019.SZ,2024-10-21,6.44,6.54,6.41,6.45,6.45,0.0,0.0,97154.51,62761.866
000019.SZ,2024-10-22,6.45,6.68,6.44,6.63,6.45,0.18,2.7907,132654.88,87075.264
000019.SZ,2024-10-23,6.65,6.66,6.56,6.6,6.63,-0.03,-0.4525,74253.55,49008.034
000019.SZ,2024-10-24,6.58,6.65,6.53,6.58,6.6,-0.02,-0.303,56020.7,36812.508
000019.SZ,2024-10-25,6.65,6.81,6.63,6.77,6.58,0.19,2.8875,139222.99,93829.662
000019.SZ,2024-10-28,6.76,7.06,6.76,6.98,6.77,0.21,3.1019,174635.15,121625.17
000019.SZ,2024-10-29,6.95,7.05,6.84,6.86,6.98,-0.12,-1.7192,156242.08,108076.557
000019.SZ,2024-10-30,6.82,6.91,6.76,6.82,6.86,-0.04,-0.5831,95739.17,65276.521
000019.SZ,2024-10-31,6.78,6.85,6.73,6.81,6.82,-0.01,-0.1466,89478.36,60835.786
000019.SZ,2024-11-01,6.76,6.8,6.63,6.67,6.81,-0.14,-2.0558,94887.75,63603.61
000019.SZ,2024-11-04,6.66,6.7,6.59,6.69,6.67,0.02,0.2999,68431.1,45415.721
000019.SZ,2024-11-05,6.7,6.8,6.66,6.79,6.69,0.1,1.4948,103438.8,69706.727
000019.SZ,2024-11-06,6.79,6.97,6.72,6.97,6.79,0.18,2.651,168379.41,116022.587
000019.SZ,2024-11-07,7.05,7.17,6.98,7.12,6.97,0.15,2.1521,200414.27,142122.358
000019.SZ,2024-11-08,7.14,7.19,6.91,6.94,7.12,-0.18,-2.5281,153215.65,107116.608
000019.SZ,2024-11-11,6.93,6.93,6.77,6.88,6.94,-0.06,-0.8646,100595.63,68680.941
000019.SZ,2024-11-12,6.86,6.95,6.8,6.85,6.88,-0.03,-0.436,108029.05,74295.038
000019.SZ,2024-11-13,6.85,6.91,6.74,6.86,6.85,0.01,0.146,85765.05,58510.616
000019.SZ,2024-11-14,6.87,6.88,6.71,6.75,6.86,-0.11,-1.6035,78364.18,53103.755
000019.SZ,2024-11-15,6.71,6.78,6.64,6.65,6.75,-0.1,-1.4815,70713.5,47463.12
000019.SZ,2024-11-18,6.75,6.92,6.6,6.63,6.65,-0.02,-0.3008,98756.7,66407.147
000019.SZ,2024-11-19,6.62,6.7,6.57,6.7,6.63,0.07,1.0558,76608.0,50945.739
000019.SZ,2024-11-20,6.7,6.81,6.65,6.8,6.7,0.1,1.4925,81459.1,54900.327
000019.SZ,2024-11-21,6.8,6.86,6.74,6.84,6.8,0.04,0.5882,64473.01,43885.498
000019.SZ,2024-11-22,6.82,6.84,6.61,6.63,6.84,-0.21,-3.0702,74451.21,50317.566
000019.SZ,2024-11-25,6.6,6.78,6.58,6.72,6.63,0.09,1.3575,82180.62,55015.654
000019.SZ,2024-11-26,6.8,6.86,6.76,6.82,6.72,0.1,1.4881,84917.06,57935.555
000019.SZ,2024-11-27,6.74,6.82,6.59,6.81,6.82,-0.01,-0.1466,92232.59,61733.891
000019.SZ,2024-11-28,6.94,7.33,6.9,7.09,6.81,0.28,4.1116,320159.22,228537.098
000019.SZ,2024-11-29,7.05,7.22,7.02,7.19,7.09,0.1,1.4104,241989.72,172962.85
000019.SZ,2024-12-02,7.16,7.36,7.14,7.28,7.19,0.09,1.2517,198707.95,144176.58
000019.SZ,2024-12-03,7.27,7.28,7.1,7.16,7.28,-0.12,-1.6484,151143.81,108479.505
000019.SZ,2024-12-04,7.12,7.22,7.0,7.03,7.16,-0.13,-1.8156,106626.35,75580.075
000019.SZ,2024-12-05,6.99,7.02,6.92,7.01,7.03,-0.02,-0.2845,92190.22,64251.303
000019.SZ,2024-12-06,7.02,7.04,6.93,7.01,7.01,0.0,0.0,93116.75,65082.809
000019.SZ,2024-12-09,7.0,7.06,6.93,6.97,7.01,-0.04,-0.5706,80370.15,56176.909
000019.SZ,2024-12-10,7.11,7.19,6.96,6.96,6.97,-0.01,-0.1435,105811.0,74843.241
000019.SZ,2024-12-11,6.99,7.18,6.96,7.16,6.96,0.2,2.8736,120994.57,86164.042
000019.SZ,2024-12-12,7.17,7.33,7.11,7.31,7.16,0.15,2.095,141837.18,102622.219
000019.SZ,2024-12-13,7.31,7.31,7.14,7.15,7.31,-0.16,-2.1888,99333.89,71583.224
000019.SZ,2024-12-16,7.16,7.24,7.04,7.09,7.15,-0.06,-0.8392,76913.79,54768.428
000019.SZ,2024-12-17,7.05,7.11,6.83,6.88,7.09,-0.21,-2.9619,107684.7,74521.907
000019.SZ,2024-12-18,6.91,6.95,6.82,6.85,6.88,-0.03,-0.436,81373.5,55931.275
000019.SZ,2024-12-19,6.81,6.83,6.66,6.8,6.85,-0.05,-0.7299,89993.6,60695.302
000019.SZ,2024-12-20,6.8,6.88,6.72,6.75,6.8,-0.05,-0.7353,63141.76,42787.016
000019.SZ,2024-12-23,6.77,6.79,6.55,6.57,6.75,-0.18,-2.6667,89027.36,59046.187
000019.SZ,2024-12-24,6.58,6.64,6.54,6.62,6.57,0.05,0.761,72105.7,47529.292
000019.SZ,2024-12-25,6.63,6.64,6.45,6.57,6.62,-0.05,-0.7553,63164.42,41187.767
000019.SZ,2024-12-26,6.56,6.61,6.52,6.57,6.57,0.0,0.0,64548.5,42453.853
000019.SZ,2024-12-27,6.57,6.9,6.54,6.84,6.57,0.27,4.1096,142310.2,96245.498
000019.SZ,2024-12-30,6.8,6.83,6.65,6.67,6.84,-0.17,-2.4854,85582.1,57237.365
000019.SZ,2024-12-31,6.67,6.76,6.57,6.57,6.67,-0.1,-1.4993,74027.4,49272.073
000019.SZ,2025-01-02,6.57,6.75,6.47,6.53,6.57,-0.04,-0.6088,99433.6,65854.733
000019.SZ,2025-01-03,6.56,6.59,6.25,6.28,6.53,-0.25,-3.8285,116103.6,74399.767
000019.SZ,2025-01-06,6.27,6.39,6.12,6.3,6.28,0.02,0.3185,67102.31,42077.899
000019.SZ,2025-01-07,6.3,6.35,6.23,6.33,6.3,0.03,0.4762,56032.72,35282.026
000019.SZ,2025-01-08,6.31,6.37,6.16,6.27,6.33,-0.06,-0.9479,67935.2,42572.231
000019.SZ,2025-01-09,6.28,6.29,6.06,6.22,6.27,-0.05,-0.7974,43100.12,26915.149
000019.SZ,2025-01-10,6.2,6.23,6.1,6.11,6.22,-0.11,-1.7685,45158.3,27814.735
000019.SZ,2025-01-13,6.05,6.14,6.02,6.14,6.11,0.03,0.491,45206.89,27536.196
000019.SZ,2025-01-14,6.08,6.26,6.08,6.25,6.14,0.11,1.7915,82258.31,51182.698
000019.SZ,2025-01-15,6.25,6.33,6.19,6.24,6.25,-0.01,-0.16,65079.1,40666.431
000019.SZ,2025-01-16,6.26,6.38,6.25,6.3,6.24,0.06,0.9615,74378.0,46971.544
000019.SZ,2025-01-17,6.32,6.37,6.24,6.37,6.3,0.07,1.1111,48046.1,30342.31
000019.SZ,2025-01-20,6.38,6.41,6.29,6.36,6.37,-0.01,-0.157,62885.45,39987.793
000019.SZ,2025-01-21,6.37,6.39,6.28,6.31,6.36,-0.05,-0.7862,43499.1,27457.985
000019.SZ,2025-01-22,6.29,6.33,6.25,6.3,6.31,-0.01,-0.1585,39209.0,24649.895
000019.SZ,2025-01-23,6.32,6.41,6.32,6.33,6.3,0.03,0.4762,48761.2,31073.661
000019.SZ,2025-01-24,6.32,6.39,6.29,6.37,6.33,0.04,0.6319,48821.35,30930.915
000019.SZ,2025-01-27,6.37,6.56,6.37,6.46,6.37,0.09,1.4129,60705.9,39413.326
000019.SZ,2025-02-05,6.47,6.51,6.38,6.4,6.46,-0.06,-0.9288,51353.2,33106.266
000019.SZ,2025-02-06,6.41,6.45,6.37,6.44,6.4,0.04,0.625,41491.6,26598.635
000019.SZ,2025-02-07,6.44,6.54,6.4,6.53,6.44,0.09,1.3975,60865.7,39543.14
000019.SZ,2025-02-10,6.52,6.65,6.5,6.64,6.53,0.11,1.6845,75995.7,50111.23
000019.SZ,2025-02-11,6.66,6.68,6.58,6.61,6.64,-0.03,-0.4518,42742.1,28309.699
000019.SZ,2025-02-12,6.62,6.65,6.52,6.59,6.61,-0.02,-0.3026,43730.5,28759.428
000019.SZ,2025-02-13,6.59,6.62,6.54,6.56,6.59,-0.03,-0.4552,35647.85,23428.76
000019.SZ,2025-02-14,6.58,6.61,6.53,6.56,6.56,0.0,0.0,35318.95,23196.896
000019.SZ,2025-02-17,6.56,6.61,6.51,6.57,6.56,0.01,0.1524,54050.05,35435.684
000019.SZ,2025-02-18,6.55,6.58,6.44,6.47,6.57,-0.1,-1.5221,47668.3,31074.459
000019.SZ,2025-02-19,6.45,6.49,6.42,6.46,6.47,-0.01,-0.1546,43219.3,27884.218
000019.SZ,2025-02-20,6.46,6.53,6.43,6.49,6.46,0.03,0.4644,41163.15,26678.042
000019.SZ,2025-02-21,6.46,6.53,6.42,6.44,6.49,-0.05,-0.7704,50593.18,32613.184
000019.SZ,2025-02-24,6.5,6.66,6.5,6.52,6.44,0.08,1.2422,101058.92,66331.296
000019.SZ,2025-02-25,6.46,6.48,6.38,6.39,6.52,-0.13,-1.9939,59270.9,38126.918
000019.SZ,2025-02-26,6.38,6.51,6.37,6.5,6.39,0.11,1.7214,48351.38,31167.92
000019.SZ,2025-02-27,6.48,6.6,6.47,6.59,6.5,0.09,1.3846,69212.76,45267.271
000019.SZ,2025-02-28,6.57,6.61,6.46,6.48,6.59,-0.11,-1.6692,51136.03,33364.97
000019.SZ,2025-03-03,6.49,6.53,6.4,6.44,6.48,-0.04,-0.6173,63711.58,41085.677
000019.SZ,2025-03-04,6.43,6.57,6.4,6.57,6.44,0.13,2.0186,62089.3,40381.331
000019.SZ,2025-03-05,6.57,6.59,6.42,6.49,6.57,-0.08,-1.2177,58874.14,38128.364
000019.SZ,2025-03-06,6.48,6.5,6.4,6.45,6.49,-0.04,-0.6163,75970.5,48915.896
000019.SZ,2025-03-07,6.44,6.49,6.41,6.43,6.45,-0.02,-0.3101,45951.96,29589.175
000019.SZ,2025-03-10,6.45,6.52,6.42,6.45,6.43,0.02,0.311,63903.23,41319.673
000019.SZ,2025-03-11,6.41,6.49,6.34,6.49,6.45,0.04,0.6202,52459.56,33717.228
000019.SZ,2025-03-12,6.49,6.52,6.41,6.45,6.49,-0.04,-0.6163,54936.9,35410.646
000019.SZ,2025-03-13,6.44,6.48,6.41,6.47,6.45,0.02,0.3101,46410.8,29904.634
000019.SZ,2025-03-14,6.47,6.58,6.47,6.56,6.47,0.09,1.391,78464.66,51288.019
000019.SZ,2025-03-17,6.58,6.63,6.55,6.61,6.56,0.05,0.7622,75093.45,49520.564
000019.SZ,2025-03-18,6.63,6.63,6.55,6.59,6.61,-0.02,-0.3026,47647.12,31379.149
000019.SZ,2025-03-19,6.6,6.61,6.54,6.57,6.59,-0.02,-0.3035,38498.9,25293.64
000019.SZ,2025-03-20,6.6,6.6,6.54,6.58,6.57,0.01,0.1522,40738.05,26761.854
000019.SZ,2025-03-21,6.58,6.61,6.52,6.55,6.58,-0.03,-0.4559,43248.2,28408.219
000019.SZ,2025-03-24,6.52,6.55,6.37,6.46,6.55,-0.09,-1.374,61448.75,39700.594
000019.SZ,2025-03-25,6.43,6.56,6.4,6.56,6.46,0.1,1.548,64502.95,41850.529
000019.SZ,2025-03-26,6.55,6.62,6.52,6.61,6.56,0.05,0.7622,52266.43,34463.729
000019.SZ,2025-03-27,6.58,6.63,6.56,6.58,6.61,-0.03,-0.4539,38010.98,25067.314
000019.SZ,2025-03-28,6.58,6.6,6.48,6.52,6.58,-0.06,-0.9119,51449.55,33560.819
000019.SZ,2025-03-31,6.48,6.53,6.36,6.42,6.52,-0.1,-1.5337,69115.1,44452.941
000019.SZ,2025-04-01,6.4,6.57,6.4,6.56,6.42,0.14,2.1807,71996.0,46917.842
000019.SZ,2025-04-02,6.56,6.6,6.52,6.55,6.56,-0.01,-0.1524,53230.0,34902.424
000019.SZ,2025-04-03,6.54,6.66,6.53,6.65,6.55,0.1,1.5267,84715.88,55946.058
000019.SZ,2025-04-07,6.63,7.06,6.48,6.85,6.65,0.2,3.0075,415996.67,282357.365
000019.SZ,2025-04-08,6.75,7.5,6.64,7.38,6.85,0.53,7.7372,546132.56,389683.103
000019.SZ,2025-04-09,7.18,7.39,6.86,7.12,7.38,-0.26,-3.523,447000.45,316900.526
000019.SZ,2025-04-10,6.86,7.67,6.78,7.24,7.12,0.12,1.6854,502042.91,361548.938
000019.SZ,2025-04-11,7.15,7.16,6.81,6.92,7.24,-0.32,-4.4199,369323.6,255839.088
000019.SZ,2025-04-14,6.81,7.48,6.78,7.21,6.92,0.29,4.1908,473898.19,336695.561
000019.SZ,2025-04-15,7.09,7.88,7.01,7.55,7.21,0.34,4.7157,619750.72,458084.228
000019.SZ,2025-04-16,7.45,7.46,7.07,7.2,7.55,-0.35,-4.6358,423433.22,305656.8
000019.SZ,2025-04-17,7.11,7.28,7.02,7.14,7.2,-0.06,-0.8333,274857.96,196854.552
000019.SZ,2025-04-18,7.12,7.12,6.85,6.89,7.14,-0.25,-3.5014,226189.41,156895.265
000019.SZ,2025-04-21,6.85,6.92,6.77,6.89,6.89,0.0,0.0,137707.86,94433.73
000019.SZ,2025-04-22,6.86,7.06,6.84,7.03,6.89,0.14,2.0319,198093.08,137909.486
000019.SZ,2025-04-23,6.97,7.02,6.81,6.81,7.03,-0.22,-3.1294,179877.4,123667.985
000019.SZ,2025-04-24,6.8,6.88,6.68,6.74,6.81,-0.07,-1.0279,143795.5,97429.622
000019.SZ,2025-04-25,6.73,6.8,6.73,6.75,6.74,0.01,0.1484,98223.9,66387.671
000019.SZ,2025-04-28,6.8,6.8,6.56,6.56,6.75,-0.19,-2.8148,106998.51,70854.727
000019.SZ,2025-04-29,6.61,6.76,6.58,6.7,6.56,0.14,2.1341,116711.1,78280.266
000019.SZ,2025-04-30,6.7,6.78,6.68,6.72,6.7,0.02,0.2985,82349.2,55486.695
000019.SZ,2025-05-06,6.72,6.83,6.7,6.83,6.72,0.11,1.6369,121349.56,82038.187
000019.SZ,2025-05-07,6.84,6.95,6.77,6.91,6.83,0.08,1.1713,213550.43,146608.833
000019.SZ,2025-05-08,6.85,6.87,6.79,6.86,6.91,-0.05,-0.7236,119574.93,81779.661
000019.SZ,2025-05-09,6.85,6.89,6.75,6.77,6.86,-0.09,-1.312,151470.5,103149.802
000019.SZ,2025-05-12,6.74,6.79,6.65,6.73,6.77,-0.04,-0.5908,151509.75,101371.629
000019.SZ,2025-05-13,6.74,6.75,6.67,6.73,6.73,0.0,0.0,83843.24,56301.36
000019.SZ,2025-05-14,6.71,6.77,6.67,6.75,6.73,0.02,0.2972,85310.21,57455.096
000019.SZ,2025-05-15,6.76,6.82,6.72,6.78,6.75,0.03,0.4444,102287.6,69310.94
000019.SZ,2025-05-16,6.78,6.79,6.68,6.71,6.78,-0.07,-1.0324,66930.75,44918.57
000019.SZ,2025-05-19,6.71,6.88,6.71,6.88,6.71,0.17,2.5335,132017.19,89996.465
000019.SZ,2025-05-20,6.87,6.93,6.84,6.9,6.88,0.02,0.2907,83018.0,57147.387
000019.SZ,2025-05-21,6.89,6.92,6.83,6.86,6.9,-0.04,-0.5797,61665.0,42290.013
000019.SZ,2025-05-22,6.87,6.88,6.78,6.78,6.86,-0.08,-1.1662,67005.1,45673.458
000019.SZ,2025-05-23,6.79,6.81,6.69,6.7,6.78,-0.08,-1.1799,66572.5,44903.089
000019.SZ,2025-05-26,6.68,6.74,6.65,6.71,6.7,0.01,0.1493,50095.1,33560.488
000019.SZ,2025-05-27,6.71,6.87,6.7,6.87,6.71,0.16,2.3845,92755.9,63165.896
000019.SZ,2025-05-28,6.83,6.87,6.78,6.83,6.87,-0.04,-0.5822,64204.25,43801.176
000019.SZ,2025-05-29,6.83,6.86,6.76,6.83,6.83,0.0,0.0,83606.81,57032.894
000019.SZ,2025-05-30,6.82,6.9,6.82,6.84,6.83,0.01,0.1464,94711.26,64977.874
000019.SZ,2025-06-03,6.82,6.92,6.77,6.91,6.84,0.07,1.0234,94276.48,64708.414
000019.SZ,2025-06-04,6.88,6.99,6.83,6.96,6.91,0.05,0.7236,128665.1,89145.723
000019.SZ,2025-06-05,6.93,7.0,6.82,6.85,6.96,-0.11,-1.5805,119712.89,82272.341
000019.SZ,2025-06-06,6.86,6.92,6.83,6.9,6.85,0.05,0.7299,84337.41,58105.043
000019.SZ,2025-06-09,6.91,6.94,6.86,6.89,6.9,-0.01,-0.1449,74192.9,51173.943
000019.SZ,2025-06-10,6.89,6.96,6.81,6.92,6.89,0.03,0.4354,114053.96,78572.164
000019.SZ,2025-06-11,6.91,6.97,6.89,6.93,6.92,0.01,0.1445,110320.25,76567.061
000019.SZ,2025-06-12,6.94,6.95,6.83,6.86,6.93,-0.07,-1.0101,79061.73,54246.165
000019.SZ,2025-06-13,6.87,6.9,6.8,6.85,6.86,-0.01,-0.1458,91899.59,62949.079
000019.SZ,2025-06-16,6.84,6.88,6.8,6.86,6.85,0.01,0.146,78109.89,53399.234
000019.SZ,2025-06-17,6.72,6.77,6.69,6.73,6.71,0.02,0.2981,72848.49,49018.876
000019.SZ,2025-06-18,6.73,6.74,6.6,6.61,6.73,-0.12,-1.7831,77445.74,51428.889
000019.SZ,2025-06-19,6.62,6.63,6.5,6.52,6.61,-0.09,-1.3616,72455.06,47420.147
000019.SZ,2025-06-20,6.51,6.56,6.5,6.52,6.52,0.0,0.0,51097.78,33357.281
000019.SZ,2025-06-23,6.48,6.6,6.44,6.59,6.52,0.07,1.0736,47380.72,30986.889
000019.SZ,2025-06-24,6.59,6.66,6.56,6.64,6.59,0.05,0.7587,62139.5,41147.184
000019.SZ,2025-06-25,6.67,6.68,6.62,6.68,6.64,0.04,0.6024,58238.0,38757.91
000019.SZ,2025-06-26,6.69,6.72,6.65,6.67,6.68,-0.01,-0.1497,53223.6,35537.587
000019.SZ,2025-06-27,6.68,6.73,6.66,6.68,6.67,0.01,0.1499,51364.3,34382.615
000019.SZ,2025-06-30,6.68,6.69,6.63,6.66,6.68,-0.02,-0.2994,59533.47,39620.917
000019.SZ,2025-07-01,6.66,6.7,6.62,6.67,6.66,0.01,0.1502,63889.49,42554.048
000019.SZ,2025-07-02,6.67,6.71,6.64,6.71,6.67,0.04,0.5997,69242.4,46316.502
000019.SZ,2025-07-03,6.7,6.76,6.69,6.74,6.71,0.03,0.4471,63844.33,42943.557
000019.SZ,2025-07-04,6.76,6.77,6.71,6.73,6.74,-0.01,-0.1484,60325.61,40607.888
000019.SZ,2025-07-07,6.73,6.8,6.66,6.79,6.73,0.06,0.8915,81744.84,55194.967
000019.SZ,2025-07-08,6.78,6.83,6.73,6.78,6.79,-0.01,-0.1473,77590.32,52525.441
000019.SZ,2025-07-09,6.78,6.82,6.74,6.75,6.78,-0.03,-0.4425,79482.18,53896.803
000019.SZ,2025-07-10,6.75,6.8,6.74,6.79,6.75,0.04,0.5926,70975.8,48095.803
000019.SZ,2025-07-11,6.79,6.84,6.77,6.81,6.79,0.02,0.2946,88189.12,60029.43
000019.SZ,2025-07-14,6.79,6.87,6.78,6.86,6.81,0.05,0.7342,88851.36,60772.748
000019.SZ,2025-07-15,6.86,6.87,6.7,6.75,6.86,-0.11,-1.6035,105584.09,71332.798
000019.SZ,2025-07-16,6.72,6.84,6.72,6.82,6.75,0.07,1.037,93550.62,63669.387
000019.SZ,2025-07-17,6.81,6.86,6.77,6.8,6.82,-0.02,-0.2933,76895.2,52394.816
000019.SZ,2025-07-18,6.82,6.87,6.77,6.87,6.8,0.07,1.0294,102241.87,69884.889
000019.SZ,2025-07-21,6.85,7.0,6.83,6.94,6.87,0.07,1.0189,131486.87,91157.103
000019.SZ,2025-07-22,6.95,6.98,6.9,6.98,6.94,0.04,0.5764,100643.36,69914.105
000505.SZ,2022-07-21,8.73,8.95,8.68,8.8,8.74,0.06,0.6865,130692.33,115421.095
000505.SZ,2022-07-22,8.75,8.82,8.61,8.7,8.8,-0.1,-1.1364,86371.04,75202.937
000505.SZ,2022-07-25,8.7,8.73,8.61,8.63,8.7,-0.07,-0.8046,49848.0,43166.757
000505.SZ,2022-07-26,8.63,8.81,8.61,8.8,8.63,0.17,1.9699,83414.56,72750.414
000505.SZ,2022-07-27,8.81,8.87,8.73,8.75,8.8,-0.05,-0.5682,71356.95,62597.368
000505.SZ,2022-07-28,8.83,8.9,8.73,8.75,8.75,0.0,0.0,79854.64,70260.304
000505.SZ,2022-07-29,8.8,8.85,8.63,8.65,8.75,-0.1,-1.1429,87483.84,76373.322
000505.SZ,2022-08-01,8.63,8.72,8.47,8.71,8.65,0.06,0.6936,85105.94,73115.255
000505.SZ,2022-08-02,8.6,9.49,8.52,9.22,8.71,0.51,5.8553,492031.14,444977.783
000505.SZ,2022-08-03,8.93,9.27,8.78,9.04,9.22,-0.18,-1.9523,303078.28,273729.421
000505.SZ,2022-08-04,9.0,9.0,8.63,8.79,9.04,-0.25,-2.7655,194337.29,171602.794
000505.SZ,2022-08-05,8.79,8.84,8.6,8.75,8.79,-0.04,-0.4551,138592.53,120517.423
000505.SZ,2022-08-08,8.74,8.85,8.71,8.78,8.75,0.03,0.3429,94942.64,83305.434
000505.SZ,2022-08-09,8.78,8.78,8.55,8.61,8.78,-0.17,-1.9362,120591.46,103829.388
000505.SZ,2022-08-10,8.56,8.64,8.5,8.52,8.61,-0.09,-1.0453,83939.78,71662.209
000505.SZ,2022-08-11,8.54,8.62,8.51,8.61,8.52,0.09,1.0563,75894.26,65082.274
000505.SZ,2022-08-12,8.6,8.68,8.56,8.66,8.61,0.05,0.5807,77681.51,67053.855
000505.SZ,2022-08-15,8.75,8.88,8.71,8.76,8.66,0.1,1.1547,123129.84,108226.071
000505.SZ,2022-08-16,8.71,8.92,8.67,8.92,8.76,0.16,1.8265,153729.41,135627.242
000505.SZ,2022-08-17,8.93,9.09,8.84,9.05,8.92,0.13,1.4574,196882.17,177344.449
000505.SZ,2022-08-18,9.04,9.05,8.77,8.78,9.05,-0.27,-2.9834,167665.88,148306.712
000505.SZ,2022-08-19,8.78,8.95,8.76,8.82,8.78,0.04,0.4556,124838.94,110530.694
000505.SZ,2022-08-22,8.83,9.18,8.83,9.0,8.82,0.18,2.0408,211819.39,191264.497
000505.SZ,2022-08-23,8.93,9.09,8.9,8.97,9.0,-0.03,-0.3333,136437.53,122635.15
000505.SZ,2022-08-24,8.98,9.58,8.95,9.3,8.97,0.33,3.6789,479682.32,443844.903
000505.SZ,2022-08-25,9.19,9.3,9.03,9.29,9.3,-0.01,-0.1075,295552.62,271150.882
000505.SZ,2022-08-26,9.51,9.53,9.09,9.11,9.29,-0.18,-1.9376,263098.64,243469.936
000505.SZ,2022-08-29,8.93,9.15,8.79,9.14,9.11,0.03,0.3293,162861.45,147284.549
000505.SZ,2022-08-30,9.08,9.18,8.88,8.92,9.14,-0.22,-2.407,159586.88,143302.364
000505.SZ,2022-08-31,8.82,8.9,8.57,8.62,8.92,-0.3,-3.3632,168204.6,146037.041
000505.SZ,2022-09-01,8.6,8.98,8.57,8.77,8.62,0.15,1.7401,190868.4,168893.01
000505.SZ,2022-09-02,8.76,8.84,8.66,8.79,8.77,0.02,0.2281,105376.13,92207.903
000505.SZ,2022-09-05,8.76,8.8,8.55,8.69,8.79,-0.1,-1.1377,136105.73,117522.109
000505.SZ,2022-09-06,8.7,8.95,8.66,8.82,8.69,0.13,1.496,129895.16,114507.149
000505.SZ,2022-09-07,8.8,8.9,8.7,8.84,8.82,0.02,0.2268,86441.16,76002.25
000505.SZ,2022-09-08,8.8,8.84,8.62,8.63,8.84,-0.21,-2.3756,114834.0,99797.733
000505.SZ,2022-09-09,8.65,8.72,8.56,8.67,8.63,0.04,0.4635,69245.78,59769.569
000505.SZ,2022-09-13,8.74,8.88,8.73,8.81,8.67,0.14,1.6148,135868.17,119637.868
000505.SZ,2022-09-14,8.7,8.75,8.61,8.66,8.81,-0.15,-1.7026,92525.66,80132.863
000505.SZ,2022-09-15,8.69,8.7,8.41,8.47,8.66,-0.19,-2.194,108770.93,92686.48
000505.SZ,2022-09-16,8.51,8.51,8.15,8.15,8.47,-0.32,-3.778,92127.36,76392.742
000505.SZ,2022-09-19,8.15,8.24,7.98,7.98,8.15,-0.17,-2.0859,61730.27,49640.149
000505.SZ,2022-09-20,8.04,8.1,8.0,8.05,7.98,0.07,0.8772,44906.2,36134.58
000505.SZ,2022-09-21,8.01,8.17,7.96,8.14,8.05,0.09,1.118,57184.14,46247.543
000505.SZ,2022-09-22,8.07,8.46,8.07,8.3,8.14,0.16,1.9656,110792.8,91638.028
000505.SZ,2022-09-23,8.29,8.29,8.04,8.08,8.3,-0.22,-2.6506,69889.96,56994.09
000505.SZ,2022-09-26,7.98,7.98,7.66,7.72,8.08,-0.36,-4.4554,87853.82,68580.68
000505.SZ,2022-09-27,7.7,7.8,7.59,7.8,7.72,0.08,1.0363,62915.17,48412.045
000505.SZ,2022-09-28,7.75,7.76,7.4,7.42,7.8,-0.38,-4.8718,81101.54,61544.856
000505.SZ,2022-09-29,7.47,7.59,7.28,7.34,7.42,-0.08,-1.0782,61603.54,45565.034
000505.SZ,2022-09-30,7.31,7.64,7.28,7.6,7.34,0.26,3.5422,95048.79,71160.347
000505.SZ,2022-10-10,7.64,7.74,7.45,7.56,7.6,-0.04,-0.5263,73381.06,55719.977
000505.SZ,2022-10-11,7.58,7.73,7.38,7.72,7.56,0.16,2.1164,64764.99,48968.015
000505.SZ,2022-10-12,7.67,7.83,7.63,7.83,7.72,0.11,1.4249,74017.61,57452.402
000505.SZ,2022-10-13,7.82,8.07,7.71,7.95,7.83,0.12,1.5326,98801.98,78246.348
000505.SZ,2022-10-14,8.0,8.02,7.89,7.94,7.95,-0.01,-0.1258,78692.47,62545.3
000505.SZ,2022-10-17,7.93,8.04,7.87,8.02,7.94,0.08,1.0076,63801.33,50885.021
000505.SZ,2022-10-18,8.02,8.04,7.94,7.97,8.02,-0.05,-0.6234,53279.42,42539.726
000505.SZ,2022-10-19,7.97,8.01,7.81,7.84,7.97,-0.13,-1.6311,50846.86,40029.906
000505.SZ,2022-10-20,7.77,7.87,7.73,7.76,7.84,-0.08,-1.0204,43331.78,33743.504
000505.SZ,2022-10-21,7.77,7.83,7.69,7.71,7.76,-0.05,-0.6443,39406.01,30576.6
000505.SZ,2022-10-24,7.79,7.82,7.48,7.54,7.71,-0.17,-2.2049,60244.05,46180.556
000505.SZ,2022-10-25,7.58,7.58,7.37,7.49,7.54,-0.05,-0.6631,51021.0,37996.039
000505.SZ,2022-10-26,7.56,7.66,7.5,7.58,7.49,0.09,1.2016,54315.0,41187.62
000505.SZ,2022-10-27,7.59,7.65,7.54,7.6,7.58,0.02,0.2639,47547.38,36152.763
000505.SZ,2022-10-28,7.52,7.55,7.16,7.23,7.6,-0.37,-4.8684,87404.06,64001.485
000505.SZ,2022-10-31,7.33,7.95,7.32,7.74,7.23,0.51,7.0539,230243.28,178621.996
000505.SZ,2022-11-01,7.7,7.99,7.7,7.89,7.74,0.15,1.938,206910.36,162442.39
000505.SZ,2022-11-02,7.9,8.12,7.84,7.95,7.89,0.06,0.7605,180577.04,144250.936
000505.SZ,2022-11-03,7.94,8.55,7.91,8.24,7.95,0.29,3.6478,305291.0,252312.785
000505.SZ,2022-11-04,8.08,8.19,8.03,8.13,8.24,-0.11,-1.335,195555.94,158535.768
000505.SZ,2022-11-07,8.06,8.21,8.02,8.1,8.13,-0.03,-0.369,120889.75,97947.226
000505.SZ,2022-11-08,8.08,8.13,7.97,8.03,8.1,-0.07,-0.8642,106435.35,85500.341
